"","Player","Team","Position","Age","Date of Birth","Birth City","Birth State/Province","Birth Country","Nationality","Height (in)","Weight (lbs)","Draft Year","Draft Team","Draft Round","Round Pick","Overall Draft Position"
"380","Aaron Gagnon","WPG","C","32","1986-04-24","Quesnel","BC","CAN","CAN","71","186","2004","PHX","8","13","240"
"184","Aaron Johnson","BOS","D","35","1983-04-30","Port Hawkesbury","NS","CAN","CAN","73","204","2001","CBJ","3","22","85"
"539","Aaron Palushaj","COL","R","29","1989-09-07","Livonia","MI","USA","USA","72","187","2007","STL","2","14","44"
"251","Aaron Rome","DAL","D","35","1983-09-27","Nesbitt","MB","CAN","CAN","73","220","2002","L.A","4","8","104"
"744","Aaron Volpatti","VAN, WSH","L","33","1985-05-30","Revelstoke","BC","CAN","CAN","72","215","-","-","-","-","-"
"216","Adam Burish","S.J","R","36","1983-01-06","Madison","WI","USA","USA","73","195","2002","CHI","9","22","282"
"383","Adam Cracknell","STL","R","33","1985-07-15","Prince Albert","SK","CAN","CAN","74","209","2004","CGY","9","21","279"
"112","Adam Hall","CAR, PHI, T.B","R","38","1980-08-14","Kalamazoo","MI","USA","USA","74","212","1999","NSH","2","24","52"
"637","Adam Henrique","N.J","C","29","1990-02-06","Brantford","ON","CAN","CAN","72","197","2008","N.J","3","21","82"
"807","Adam Larsson","N.J","D","26","1992-11-12","Skellefteå","","SWE","SWE","75","208","2011","N.J","1","4","4"
"415","Adam McQuaid","BOS","D","32","1986-10-12","Charlottetown","PE","CAN","CAN","76","210","2005","CBJ","2","25","55"
"371","Adam Pardy","BUF","D","35","1984-03-29","Bonavista","NL","CAN","CAN","76","227","2004","CGY","6","10","173"
"8","Adrian Aucoin","CBJ","D","45","1973-07-03","Ottawa","ON","CAN","CAN","74","215","1992","VAN","5","21","117"
"548","Akim Aliu","CGY","R","29","1989-04-24","Okene","","NGA","NGA","76","225","2007","CHI","2","26","56"
"581","Alec Martinez","L.A","D","31","1987-07-26","Rochester Hills","MI","USA","USA","73","209","2007","L.A","4","4","95"
"167","Ales Hemsky","EDM","R","35","1983-08-13","Pardubice","","CZE","CZE","72","177","2001","EDM","1","13","13"
"687","Alex Chiasson","DAL","R","28","1990-10-01","Montreal","QC","CAN","CAN","76","208","2009","DAL","2","8","38"
"829","Alex Galchenyuk","MTL","C","25","1994-02-12","Milwaukee","WI","USA","USA","73","207","2012","MTL","1","3","3"
"348","Alex Goligoski","DAL","D","33","1985-07-30","Grand Rapids","MN","USA","USA","71","185","2004","PIT","2","31","61"
"529","Alex Killorn","T.B","L","29","1989-09-14","Halifax","NS","CAN","CAN","73","196","2007","T.B","3","16","77"
"3","Alex Kovalev","FLA","R","46","1973-02-24","Togliatti","","RUS","RUS","74","222","1991","NYR","1","15","15"
"325","Alex Ovechkin","WSH","L","33","1985-09-17","Moscow","","RUS","RUS","75","235","2004","WSH","1","1","1"
"761","Alex Petrovic","FLA","D","27","1992-03-03","Edmonton","AB","CAN","CAN","76","216","2010","FLA","2","6","36"
"603","Alex Pietrangelo","STL","D","29","1990-01-18","King City","ON","CAN","CAN","75","210","2008","STL","1","4","4"
"80","Alex Tanguay","CGY","L","39","1979-11-21","Ste-Justine","QC","CAN","CAN","73","194","1998","COL","1","12","12"
"774","Alexander Burmistrov","WPG","C","27","1991-10-21","Kazan","","RUS","RUS","73","180","2010","ATL","1","8","8"
"355","Alexander Edler","VAN","D","32","1986-04-21","Ostersund","","SWE","SWE","75","212","2004","VAN","3","26","91"
"220","Alexander Semin","CAR","R","35","1984-03-03","Krasnojarsk","","RUS","RUS","74","211","2002","WSH","1","13","13"
"241","Alexander Steen","STL","L","35","1984-03-01","Winnipeg","MB","CAN","SWE","72","211","2002","TOR","1","24","24"
"291","Alexander Sulzer","BUF","D","34","1984-05-30","Kaufbeuren","","DEU","DEU","73","198","2003","NSH","3","24","92"
"727","Alexander Urbom","N.J","D","28","1990-12-20","Stockholm","","SWE","SWE","76","215","2009","N.J","3","12","73"
"296","Alexandre Bolduc","PHX","C","33","1985-06-26","Montreal","QC","CAN","CAN","75","200","2003","STL","4","26","127"
"254","Alexandre Burrows","VAN","L","38","1981-04-11","Pincourt","QC","CAN","CAN","73","197","-","-","-","-","-"
"353","Alexei Emelin","MTL","D","32","1986-04-25","Togliatti","","RUS","RUS","74","218","2004","MTL","3","19","84"
"92","Alexei Ponikarovsky","N.J, WPG","L","39","1980-04-09","Kiev","","UKR","UKR","76","225","1998","TOR","4","1","87"
"734","Anders Lee","NYI","L","28","1990-07-03","Edina","MN","USA","USA","75","231","2009","NYI","6","1","152"
"255","Andre Benoit","OTT","D","35","1984-01-06","St. Albert","ON","CAN","CAN","71","190","-","-","-","-","-"
"146","Andreas Lilja","PHI","D","43","1975-07-13","Helsingborg","","SWE","SWE","75","220","2000","L.A","2","24","54"
"496","Andreas Nodl","CAR","R","32","1987-02-28","Vienna","","AUT","AUT","73","196","2006","PHI","2","9","39"
"646","Andrei Loktionov","N.J","C","28","1990-05-30","Voskresensk","","RUS","RUS","71","190","2008","L.A","5","2","123"
"99","Andrei Markov","MTL","D","40","1978-12-20","Voskresensk","","RUS","RUS","72","200","1998","MTL","6","17","162"
"336","Andrej Meszaros","PHI","D","33","1985-10-13","Povaská Bystrica","","SVK","SVK","74","223","2004","OTT","1","23","23"
"352","Andrej Sekera","BUF","D","32","1986-06-08","Bojnice","","SVK","SVK","72","200","2004","BUF","3","6","71"
"836","Andrej Sustr","T.B","D","28","1990-11-29","Plzen","","CZE","CZE","79","217","-","-","-","-","-"
"194","Andrew Alberts","VAN","D","37","1981-06-30","Minneapolis","MN","USA","USA","77","218","2001","BOS","6","14","179"
"406","Andrew Cogliano","ANA","L","31","1987-06-14","Toronto","ON","CAN","CAN","70","177","2005","EDM","1","25","25"
"449","Andrew Desjardins","S.J","L","32","1986-07-27","Lively","ON","CAN","CAN","73","195","-","-","-","-","-"
"513","Andrew Ebbett","VAN","C","36","1983-01-02","Vernon","BC","CAN","CAN","69","174","-","-","-","-","-"
"69","Andrew Ference","BOS","D","40","1979-03-17","Edmonton","AB","CAN","CAN","71","182","1997","PIT","8","18","208"
"376","Andrew Gordon","VAN","R","33","1985-12-13","Porters Lake","NS","CAN","CAN","72","194","2004","WSH","7","4","197"
"328","Andrew Ladd","WPG","L","33","1985-12-12","Maple Ridge","BC","CAN","CAN","75","192","2004","CAR","1","4","4"
"502","Andrew MacDonald","NYI","D","32","1986-09-07","Judique","NS","CAN","CAN","73","204","2006","NYI","6","7","160"
"199","Andrew Murray","STL","C","37","1981-11-06","Selkirk","MB","CAN","CAN","74","210","2001","CBJ","8","15","242"
"800","Andrew Shaw","CHI","C","27","1991-07-20","Belleville","ON","CAN","CAN","71","182","2011","CHI","5","18","139"
"455","Andy Greene","N.J","D","36","1982-10-30","Trenton","MI","USA","USA","71","190","-","-","-","-","-"
"128","Andy McDonald","STL","L","41","1977-08-25","Strathroy","ON","CAN","CAN","70","175","-","-","-","-","-"
"796","Andy Miele","PHX","C","30","1988-04-15","Grosse Pointe Woods","MI","USA","USA","67","169","-","-","-","-","-"
"552","Anthony Peluso","WPG","R","29","1989-04-18","North York","ON","CAN","CAN","75","225","2007","STL","6","9","160"
"669","Antoine Roussel","DAL","L","29","1989-11-21","Roubaix","","FRA","FRA","71","199","-","-","-","-","-"
"147","Antoine Vermette","PHX","C","36","1982-07-20","St. Agapit","QC","CAN","CAN","73","197","2000","OTT","2","25","55"
"242","Anton Babchuk","CGY","D","34","1984-05-06","Kiev","","UKR","UKR","77","200","2002","CHI","1","21","21"
"689","Anton Lander","EDM","C","27","1991-04-24","Sundsvall","","SWE","SWE","72","184","2009","EDM","2","10","40"
"445","Anton Stralman","NYR","D","32","1986-08-01","Tibro","","SWE","SWE","71","190","2005","TOR","7","22","216"
"137","Anton Volchenkov","N.J","D","37","1982-02-25","Moscow","","RUS","RUS","73","220","2000","OTT","1","21","21"
"158","Antti Miettinen","WPG","R","38","1980-07-03","Hämeenlinna","","FIN","FIN","72","190","2000","DAL","7","27","224"
"401","Anze Kopitar","L.A","C","31","1987-08-24","Jesenice","","SVN","SVN","75","225","2005","L.A","1","11","11"
"46","Arron Asham","NYR","R","40","1978-04-13","Portage La Prairie","MB","CAN","CAN","71","210","1996","MTL","3","19","71"
"499","Artem Anisimov","CBJ","C","30","1988-05-24","Yaroslavl","","RUS","RUS","76","198","2006","NYR","2","24","54"
"767","Austin Watson","NSH","L","27","1992-01-13","Ann Arbor","MI","USA","USA","76","204","2010","NSH","1","18","18"
"284","B.J. Crombeen","T.B","R","33","1985-07-10","Denver","CO","USA","USA","74","209","2003","DAL","2","24","54"
"108","Barret Jackman","STL","D","38","1981-03-05","Trail","BC","CAN","CAN","72","203","1999","STL","1","17","17"
"764","Beau Bennett","PIT","R","27","1991-11-27","Gardena","CA","USA","USA","74","195","2010","PIT","1","20","20"
"245","Ben Eager","EDM","L","35","1984-01-22","Ottawa","ON","CAN","CAN","74","226","2002","PHX","1","23","23"
"711","Ben Hanowski","CGY","R","28","1990-10-18","Little Falls","MN","USA","USA","74","210","2009","PIT","3","2","63"
"523","Ben Lovejoy","ANA, PIT","D","35","1984-02-20","Concord","NH","USA","USA","73","205","-","-","-","-","-"
"658","Ben Smith","CHI","R","30","1988-07-11","Winston-Salem","NC","USA","USA","71","203","2008","CHI","6","18","169"
"788","Ben Street","CGY","C","32","1987-02-13","Coquitlam","BC","CAN","CAN","71","190","-","-","-","-","-"
"505","Benn Ferriero","NYR","R","31","1987-04-29","Boston","MA","USA","USA","71","195","2006","PHX","7","13","196"
"397","Benoit Pouliot","T.B","L","32","1986-09-29","Alfred","ON","CAN","CAN","75","200","2005","MIN","1","4","4"
"543","Bill Sweatt","VAN","L","30","1988-09-21","Elburn","IL","USA","USA","72","190","2007","CHI","2","8","38"
"428","Blair Jones","CGY","C","32","1986-09-27","Central Butte","SK","CAN","CAN","74","216","2005","T.B","4","11","102"
"343","Blake Comeau","CBJ, CGY","L","33","1986-02-18","Meadow Lake","SK","CAN","CAN","73","200","2004","NYI","2","17","47"
"329","Blake Wheeler","WPG","R","32","1986-08-31","Plymouth","MN","USA","USA","77","225","2004","PHX","1","5","5"
"746","Bobby Butler","N.J, NSH","R","31","1987-04-26","Marlborough","MA","USA","USA","72","189","-","-","-","-","-"
"395","Bobby Ryan","ANA","R","32","1987-03-17","Cherry Hill","NJ","USA","USA","74","209","2005","ANA","1","2","2"
"507","Bobby Sanguinetti","CAR","D","31","1988-02-29","Trenton","NJ","USA","USA","75","188","2006","NYR","1","21","21"
"228","Boyd Gordon","PHX","C","35","1983-10-19","Unity","SK","CAN","CAN","72","200","2002","WSH","1","17","17"
"452","Bracken Kearns","S.J","C","37","1981-05-12","North Vancouver","BC","CAN","CAN","72","188","-","-","-","-","-"
"138","Brad Boyes","NYI","R","36","1982-04-17","Mississauga","ON","CAN","CAN","72","199","2000","TOR","1","24","24"
"557","Brad Malone","COL","C","29","1989-05-20","Miramichi","NB","CAN","CAN","73","217","2007","COL","4","14","105"
"461","Brad Marchand","BOS","L","30","1988-05-11","Halifax","NS","CAN","CAN","69","181","2006","BOS","3","8","71"
"88","Brad Richards","NYR","C","38","1980-05-02","Murray Hbr.","PE","CAN","CAN","72","199","1998","T.B","3","6","64"
"301","Brad Richardson","L.A","R","34","1985-02-04","Belleville","ON","CAN","CAN","72","190","2003","COL","5","27","163"
"387","Brad Staubitz","ANA","R","34","1984-07-28","Edmonton","AB","CAN","CAN","73","207","-","-","-","-","-"
"76","Brad Stuart","S.J","D","39","1979-11-06","Rocky Mountain House","AB","CAN","CAN","74","215","1998","S.J","1","3","3"
"748","Brandon Bollig","CHI","L","32","1987-01-31","St. Charles","MO","USA","USA","74","220","-","-","-","-","-"
"347","Brandon Dubinsky","CBJ","C","32","1986-04-29","Anchorage","AK","USA","USA","74","205","2004","NYR","2","30","60"
"739","Brandon Manning","PHI","D","28","1990-06-04","Prince George","BC","CAN","CAN","73","205","-","-","-","-","-"
"670","Brandon Mashinter","NYR","L","30","1988-09-20","Bradford","ON","CAN","CAN","76","212","-","-","-","-","-"
"638","Brandon McMillan","ANA","L","29","1990-03-22","Richmond","BC","CAN","CAN","71","190","2008","ANA","3","24","85"
"715","Brandon Pirri","CHI","R","28","1991-04-10","Toronto","ON","CAN","CAN","72","186","2009","CHI","2","29","59"
"351","Brandon Prust","MTL","L","35","1984-03-16","London","ON","CAN","CAN","72","195","2004","CGY","3","5","70"
"803","Brandon Saad","CHI","L","26","1992-10-27","Pittsburgh","PA","USA","USA","73","206","2011","CHI","2","13","43"
"201","Brandon Segal","NYR","R","35","1983-07-12","Richmond","BC","CAN","CAN","74","215","2002","NSH","4","6","102"
"559","Brandon Sutter","PIT","C","30","1989-02-14","Huntington","NY","USA","CAN","75","190","2007","CAR","1","11","11"
"379","Brandon Yip","NSH","R","33","1985-04-25","Vancouver","BC","CAN","CAN","73","198","2004","COL","8","12","239"
"694","Brayden Schenn","PHI","C","27","1991-08-22","Saskatoon","SK","CAN","CAN","73","200","2009","L.A","1","5","5"
"262","Braydon Coburn","PHI","D","34","1985-02-27","Shaunavon","SK","CAN","CAN","77","223","2003","ATL","1","8","8"
"783","Brendan Gallagher","MTL","R","26","1992-05-06","Edmonton","AB","CAN","CAN","69","184","2010","MTL","5","27","147"
"411","Brendan Mikkelson","T.B","D","31","1987-06-22","Regina","SK","CAN","CAN","75","210","2005","ANA","2","1","31"
"558","Brendan Smith","DET","D","30","1989-02-08","Mimico","ON","CAN","CAN","74","195","2007","DET","1","27","27"
"740","Brenden Dillon","DAL","D","28","1990-11-13","New Westminster","BC","CAN","CAN","76","225","-","-","-","-","-"
"64","Brenden Morrow","DAL, PIT","L","40","1979-01-16","Carlyle","SK","CAN","CAN","71","212","1997","DAL","1","25","25"
"271","Brent Burns","S.J","D","34","1985-03-09","Barrie","ON","CAN","CAN","77","230","2003","MIN","1","20","20"
"266","Brent Seabrook","CHI","D","33","1985-04-20","Richmond","BC","CAN","CAN","75","220","2003","CHI","1","14","14"
"570","Brett Bellemore","CAR","D","30","1988-06-25","Windsor","ON","CAN","CAN","76","225","2007","CAR","6","11","162"
"360","Brett Carson","CGY","D","33","1985-11-29","Regina","SK","CAN","CAN","76","210","2004","CAR","4","11","109"
"50","Brett Clark","MIN","D","42","1976-12-23","Wapella","SK","CAN","CAN","72","194","1996","MTL","6","19","154"
"777","Brett Connolly","T.B","R","26","1992-05-02","Campbell River","BC","CAN","CAN","75","195","2010","T.B","1","6","6"
"438","Brett Sutter","CAR","L","31","1987-06-02","Viking","AB","CAN","CAN","72","200","2005","CGY","6","17","179"
"275","Brian Boyle","NYR","C","34","1984-12-18","Hingham","MA","USA","USA","78","245","2003","L.A","1","26","26"
"68","Brian Campbell","FLA","D","39","1979-05-23","Strathroy","ON","CAN","CAN","70","192","1997","BUF","6","22","156"
"824","Brian Flynn","BUF","C","30","1988-07-26","Lynnfield","MA","USA","USA","73","183","-","-","-","-","-"
"91","Brian Gionta","MTL","R","40","1979-01-18","Rochester","NY","USA","USA","67","178","1998","N.J","3","24","82"
"672","Brian Lashoff","DET","D","28","1990-07-16","Albany","NY","USA","USA","75","219","-","-","-","-","-"
"400","Brian Lee","T.B","D","32","1987-03-26","Moorhead","MN","USA","USA","75","200","2005","OTT","1","9","9"
"115","Brian McGrattan","CGY, NSH","R","37","1981-09-02","Hamilton","ON","CAN","CAN","76","235","1999","L.A","4","8","104"
"495","Brian Strait","NYI","D","31","1988-01-04","Waltham","MA","USA","USA","73","188","2006","PIT","3","2","65"
"196","Brooks Laich","WSH","C","35","1983-06-23","Wawota","SK","CAN","CAN","74","200","2001","OTT","6","28","193"
"136","Brooks Orpik","PIT","D","38","1980-09-26","San Francisco","CA","USA","USA","75","217","2000","PIT","1","18","18"
"303","Bruno Gervais","PHI","D","34","1984-10-03","Longueuil","QC","CAN","CAN","73","200","2003","NYI","6","15","182"
"77","Bryan Allen","ANA","D","38","1980-08-21","Kingston","ON","CAN","CAN","77","223","1998","VAN","1","4","4"
"342","Bryan Bickell","CHI","L","33","1986-03-09","Bowmanville","ON","CAN","CAN","76","223","2004","CHI","2","11","41"
"459","Bryan Little","WPG","C","31","1987-11-12","Edmonton","AB","CAN","CAN","72","191","2006","ATL","1","12","12"
"24","Bryce Salvador","N.J","D","43","1976-02-11","Brandon","MB","CAN","CAN","75","215","1994","T.B","6","8","138"
"477","Cal Clutterbuck","MIN","R","31","1987-11-18","Welland","ON","CAN","CAN","71","216","2006","MIN","3","9","72"
"654","Cam Atkinson","CBJ","R","29","1989-06-05","Riverside","CT","USA","USA","68","179","2008","CBJ","6","6","157"
"327","Cam Barker","VAN","D","33","1986-04-04","Winnipeg","MB","CAN","CAN","75","223","2004","CHI","1","3","3"
"765","Cam Fowler","ANA","D","27","1991-12-05","Windsor","ON","CAN","USA","73","206","2010","ANA","1","12","12"
"222","Cam Janssen","N.J","R","34","1984-04-15","St. Louis","MO","USA","USA","72","215","2002","N.J","4","21","117"
"822","Cameron Schilling","WSH","D","30","1988-10-07","Carmel","IN","USA","USA","74","182","-","-","-","-","-"
"568","Carl Gunnarsson","TOR","D","32","1986-11-09","Orebro","","SWE","SWE","74","198","2007","TOR","7","13","194"
"583","Carl Hagelin","NYR","L","30","1988-08-23","Sodertalje","","SWE","SWE","71","186","2007","NYR","6","17","168"
"344","Carl Soderberg","BOS","C","33","1985-10-12","Malmö","","SWE","SWE","75","210","2004","STL","2","19","49"
"170","Carlo Colaiacovo","DET","D","36","1983-01-27","Toronto","ON","CAN","CAN","73","202","2001","TOR","1","17","17"
"668","Carter Bancks","CGY","L","29","1989-08-09","Calgary","AB","CAN","CAN","71","181","-","-","-","-","-"
"724","Casey Cizikas","NYI","C","28","1991-02-27","Toronto","ON","CAN","CAN","71","195","2009","NYI","4","1","92"
"207","Chad LaRose","CAR","R","37","1982-03-27","Fraser","MI","USA","USA","70","181","-","-","-","-","-"
"839","Chad Ruhwedel","BUF","D","28","1990-05-07","San Diego","CA","USA","USA","71","191","-","-","-","-","-"
"758","Charlie Coyle","MIN","C","27","1992-03-02","E. Weymouth","MA","USA","USA","75","220","2010","S.J","1","28","28"
"341","Chris Bourque","BOS","L","33","1986-01-29","Boston","MA","USA","USA","68","174","2004","WSH","2","3","33"
"686","Chris Brown","PHX","R","28","1991-02-03","Flower Mound","TX","USA","USA","74","188","2009","PHX","2","6","36"
"425","Chris Butler","CGY","D","32","1986-10-27","St. Louis","MO","USA","USA","73","196","2005","BUF","4","5","96"
"453","Chris Conner","PHX","R","35","1983-12-23","Westland","MI","USA","USA","67","181","-","-","-","-","-"
"244","Chris Higgins","VAN","L","35","1983-06-02","Smithtown","NY","USA","USA","72","205","2002","MTL","1","14","14"
"114","Chris Kelly","BOS","C","38","1980-11-11","Toronto","ON","CAN","CAN","72","190","1999","OTT","3","28","94"
"705","Chris Kreider","NYR","L","27","1991-04-30","Boxford","MA","USA","USA","75","220","2009","NYR","1","19","19"
"256","Chris Kunitz","PIT","L","39","1979-09-26","Regina","SK","CAN","CAN","72","188","-","-","-","-","-"
"598","Chris Mueller","NSH","C","33","1986-03-06","West Seneca","NY","USA","USA","71","196","-","-","-","-","-"
"98","Chris Neil","OTT","R","39","1979-06-18","Flesherton","ON","CAN","CAN","73","209","1998","OTT","6","16","161"
"36","Chris Phillips","OTT","D","41","1978-03-09","Calgary","AB","CAN","CAN","75","219","1996","OTT","1","1","1"
"317","Chris Porter","STL","L","34","1984-05-29","Toronto","ON","CAN","CAN","73","206","2003","CHI","9","21","282"
"475","Chris Stewart","STL","R","31","1987-10-30","Toronto","ON","CAN","CAN","74","242","2006","COL","1","18","18"
"504","Chris Summers","PHX","D","31","1988-02-05","Ann Arbor","MI","USA","USA","74","207","2006","PHX","1","29","29"
"549","Chris Terry","CAR","L","30","1989-04-07","Brampton","ON","CAN","CAN","70","191","2007","CAR","5","11","132"
"179","Chris Thorburn","WPG","R","35","1983-06-03","Sault Ste. Marie","ON","CAN","CAN","75","235","2001","BUF","2","20","50"
"426","Chris VandeVelde","EDM","C","32","1987-03-15","Moorhead","MN","USA","USA","74","190","2005","EDM","4","6","97"
"187","Christian Ehrhoff","BUF","D","36","1982-07-06","Moers","","DEU","DEU","74","201","2001","S.J","4","10","106"
"759","Christian Thomas","NYR","L","26","1992-05-26","Toronto","ON","CAN","CAN","69","175","2010","NYR","2","10","40"
"751","Christopher Tanev","VAN","D","29","1989-12-20","Toronto","ON","CAN","CAN","74","197","-","-","-","-","-"
"168","Chuck Kobasew","COL","R","36","1982-04-17","Vancouver","BC","CAN","CAN","72","192","2001","CGY","1","14","14"
"289","Clarke MacArthur","TOR","L","34","1985-04-06","Lloydminster","AB","CAN","CAN","72","192","2003","BUF","3","6","74"
"479","Claude Giroux","PHI","C","31","1988-01-12","Hearst","ON","CAN","CAN","71","185","2006","PHI","1","22","22"
"319","Clayton Stoner","MIN","D","34","1985-02-19","Port McNeill","BC","CAN","CAN","76","216","2004","MIN","3","14","79"
"726","Cody Eakin","DAL","C","27","1991-05-24","Winnipeg","MB","CAN","CAN","72","190","2009","WSH","3","24","85"
"421","Cody Franson","TOR","D","31","1987-08-08","Sicamous","BC","CAN","CAN","77","224","2005","NSH","3","18","79"
"622","Cody Goloubef","CBJ","D","29","1989-11-30","Mississauga","ON","CAN","CAN","73","200","2008","CBJ","2","7","37"
"607","Cody Hodgson","BUF","C","29","1990-02-18","Toronto","ON","CAN","CAN","72","191","2008","VAN","1","10","10"
"189","Cody McCormick","BUF","C","35","1983-04-18","London","ON","CAN","CAN","74","222","2001","COL","5","13","144"
"389","Cody McLeod","COL","L","34","1984-06-26","Binscarth","MB","CAN","CAN","74","204","-","-","-","-","-"
"172","Colby Armstrong","MTL","R","36","1982-11-23","Lloydminster","SK","CAN","CAN","74","185","2001","PIT","1","21","21"
"626","Colby Robak","FLA","D","28","1990-04-24","Dauphin","MB","CAN","CAN","75","194","2008","FLA","2","16","46"
"287","Colin Fraser","L.A","C","34","1985-01-28","Sicamous","BC","CAN","CAN","73","190","2003","PHI","3","1","69"
"444","Colin Greening","OTT","C","33","1986-03-09","St. John's","NL","CAN","CAN","74","210","2005","OTT","7","10","204"
"283","Colin McDonald","NYI","R","34","1984-09-30","Wethersfield","CT","USA","USA","74","219","2003","EDM","2","21","51"
"606","Colin Wilson","NSH","C, L","29","1989-10-20","Greenwich","CT","USA","USA","73","221","2008","NSH","1","7","7"
"567","Colton Gillies","CBJ","C","30","1989-02-12","White Rock","BC","CAN","CAN","76","208","2007","MIN","1","16","16"
"159","Colton Orr","TOR","R","37","1982-03-03","Winnipeg","MB","CAN","CAN","75","222","-","-","-","-","-"
"563","Colton Sceviour","DAL","C","29","1989-04-20","Red Deer","AB","CAN","CAN","72","192","2007","DAL","4","21","112"
"276","Corey Perry","ANA","R","33","1985-05-16","Peterborough","ON","CAN","CAN","75","206","2003","ANA","1","28","28"
"295","Corey Potter","EDM","D","35","1984-01-05","Lansing","MI","USA","USA","75","204","2003","NYR","4","21","122"
"794","Cory Conacher","OTT, T.B","C","29","1989-12-14","Burlington","ON","CAN","CAN","68","180","-","-","-","-","-"
"491","Cory Emmerton","DET","C","30","1988-06-01","St. Thomas","ON","CAN","CAN","72","191","2006","DET","2","11","41"
"41","Cory Sarich","CGY","D","40","1978-08-16","Saskatoon","SK","CAN","CAN","76","207","1996","BUF","2","1","27"
"51","Craig Adams","PIT","R","41","1977-04-26","Seria","","BRN","CAN","72","200","1996","HFD","9","8","223"
"723","Craig Smith","NSH","R","29","1989-09-05","Madison","WI","USA","USA","73","208","2009","NSH","4","7","98"
"323","Curtis Glencross","CGY","L","36","1982-12-28","Kindersley","SK","CAN","CAN","73","197","-","-","-","-","-"
"40","Dainius Zubrus","N.J","C","40","1978-06-16","Elektrenai","","LTU","LTU","77","225","1996","PHI","1","15","15"
"642","Dale Weise","VAN","R","30","1988-08-05","Winnipeg","MB","CAN","CAN","74","206","2008","NYR","4","20","111"
"665","Dalton Prout","CBJ","D","29","1990-03-13","Kingsville","ON","CAN","CAN","75","215","2010","CBJ","6","4","154"
"835","Damien Brunner","DET","R","33","1986-03-09","Zürich","","CHE","CHE","71","185","-","-","-","-","-"
"73","Dan Boyle","S.J","D","42","1976-07-12","Ottawa","ON","CAN","CAN","71","194","-","-","-","-","-"
"450","Dan Girardi","NYR","D","34","1984-04-29","Welland","ON","CAN","CAN","73","212","-","-","-","-","-"
"166","Dan Hamhuis","VAN","D","36","1982-12-13","Smithers","BC","CAN","CAN","73","204","2001","NSH","1","12","12"
"561","Dana Tyrell","T.B","C","29","1989-04-23","Airdrie","AB","CAN","CAN","70","192","2007","T.B","2","17","47"
"23","Daniel Alfredsson","OTT","R","46","1972-12-11","Gothenburg","","SWE","SWE","71","203","1994","OTT","6","3","133"
"827","Daniel Bang","NSH","L","31","1987-04-19","Stockholm","","SWE","SWE","75","208","-","-","-","-","-"
"39","Daniel Briere","PHI","C","41","1977-10-06","Gatineau","QC","CAN","CAN","69","174","1996","PHX","1","24","24"
"288","Daniel Carcillo","CHI","L","34","1985-01-28","King City","ON","CAN","CAN","72","200","2003","PIT","3","5","73"
"62","Daniel Cleary","DET","R","40","1978-12-18","Carbonear","NL","CAN","CAN","73","205","1997","CHI","1","13","13"
"239","Daniel Paille","BOS","L","34","1984-04-15","Welland","ON","CAN","CAN","73","188","2002","BUF","1","20","20"
"105","Daniel Sedin","VAN","L","38","1980-09-26","Ornskoldsvik","","SWE","SWE","73","190","1999","VAN","1","2","2"
"381","Daniel Winnik","ANA","L","34","1985-03-06","Toronto","ON","CAN","CAN","74","210","2004","PHX","9","7","265"
"837","Danny DeKeyser","DET","D","29","1990-03-07","Detroit","MI","USA","USA","75","192","-","-","-","-","-"
"130","Dany Heatley","MIN","L","38","1981-01-21","Freiburg","","DEU","CAN","75","212","2000","ATL","1","2","2"
"154","Darcy Hordichuk","EDM","L","38","1980-08-10","Kamsack","SK","CAN","CAN","73","215","2000","ATL","6","13","180"
"431","Darren Helm","DET","C","32","1987-01-21","St. Andrews","MB","CAN","CAN","72","196","2005","DET","5","7","132"
"522","Darroll Powe","MIN, NYR","C","33","1985-06-22","Saskatoon","SK","CAN","CAN","71","212","-","-","-","-","-"
"340","Dave Bolland","CHI","C","32","1986-06-05","Mimico","ON","CAN","CAN","72","188","2004","CHI","2","2","32"
"749","Dave Dziurzynski","OTT","L","29","1989-10-06","Lloydminster","AB","CAN","CAN","75","224","-","-","-","-","-"
"286","David Backes","STL","R","34","1984-05-01","Minneapolis","MN","USA","USA","75","215","2003","STL","2","32","62"
"345","David Booth","VAN","L","34","1984-11-24","Detroit","MI","USA","USA","72","212","2004","FLA","2","23","53"
"321","David Clarkson","N.J","R","35","1984-03-31","Toronto","ON","CAN","CAN","72","207","-","-","-","-","-"
"451","David Desharnais","MTL","C","32","1986-09-14","Laurier-Station","QC","CAN","CAN","67","180","-","-","-","-","-"
"318","David Jones","COL","R","34","1984-08-10","Guelph","ON","CAN","CAN","75","208","2003","COL","9","27","288"
"349","David Krejci","BOS","C","32","1986-04-28","Sternberk","","CZE","CZE","72","188","2004","BOS","2","33","63"
"75","David Legwand","NSH","C","38","1980-08-17","Detroit","MI","USA","USA","74","207","1998","NSH","1","2","2"
"197","David Moss","PHX","R","37","1981-12-28","Livonia","MI","USA","USA","76","210","2001","CGY","7","24","220"
"565","David Perron","STL","L","30","1988-05-28","Sherbrooke","QC","CAN","CAN","72","200","2007","STL","1","26","26"
"704","David Rundblad","PHX","D","28","1990-10-08","Lycksele","","SWE","SWE","74","187","2009","STL","1","17","17"
"725","David Savard","CBJ","D","28","1990-10-22","St. Hyacinthe","QC","CAN","CAN","74","227","2009","CBJ","4","3","94"
"512","David Schlemko","PHX","D","31","1987-05-07","Edmonton","AB","CAN","CAN","73","191","-","-","-","-","-"
"174","David Steckel","ANA, TOR","C","37","1982-03-15","Milwaukee","WI","USA","USA","78","215","2001","L.A","1","30","30"
"641","David Ullstrom","NYI","L","29","1989-04-22","Jönköping","","SWE","SWE","74","188","2008","NYI","4","11","102"
"234","David Van Der Gulik","COL","L","35","1983-04-20","Abbotsford","BC","CAN","CAN","70","173","2002","CGY","7","9","206"
"595","Davis Drewiske","L.A, MTL","D","34","1984-11-22","Hudson","WI","USA","USA","74","222","-","-","-","-","-"
"191","Dennis Seidenberg","BOS","D","37","1981-07-18","Schwenningen","","DEU","DEU","72","199","2001","PHI","6","7","172"
"205","Dennis Wideman","CGY","D","36","1983-03-20","Kitchener","ON","CAN","CAN","72","202","2002","BUF","8","12","241"
"464","Derek Dorsett","CBJ","R","32","1986-12-20","Kindersley","SK","CAN","CAN","72","192","2006","CBJ","7","6","189"
"647","Derek Grant","OTT","C","28","1990-04-20","Abbotsford","BC","CAN","CAN","75","215","2008","OTT","4","28","119"
"434","Derek Joslin","VAN","D","32","1987-03-17","Richmond Hill","ON","CAN","CAN","73","210","2005","S.J","5","24","149"
"117","Derek MacKenzie","CBJ","C","37","1981-06-11","Sudbury","ON","CAN","CAN","71","177","1999","ATL","5","2","128"
"215","Derek Meech","WPG","D","34","1984-04-21","Winnipeg","MB","CAN","CAN","71","200","2002","DET","7","32","229"
"37","Derek Morris","PHX","D","40","1978-08-24","Edmonton","AB","CAN","CAN","72","210","1996","CGY","1","13","13"
"175","Derek Roy","DAL, VAN","C","35","1983-05-04","Ottawa","ON","CAN","CAN","69","184","2001","BUF","2","2","32"
"526","Derek Smith","CGY","D","34","1984-10-13","Belleville","ON","CAN","CAN","73","197","-","-","-","-","-"
"630","Derek Stepan","NYR","C","28","1990-06-18","Hastings","MN","USA","USA","72","196","2008","NYR","2","21","51"
"488","Derick Brassard","CBJ, NYR","C","31","1987-09-22","Hull","QC","CAN","CAN","73","202","2006","CBJ","1","6","6"
"155","Deryk Engelland","PIT","D","37","1982-04-03","Edmonton","AB","CAN","CAN","74","214","2000","N.J","6","27","194"
"762","Devante Smith-Pelly","ANA","R","26","1992-06-14","Scarborough","ON","CAN","CAN","72","223","2010","ANA","2","12","42"
"399","Devin Setoguchi","MIN","R","32","1987-01-01","Taber","AB","CAN","CAN","72","205","2005","S.J","1","8","8"
"263","Dion Phaneuf","TOR","D","34","1985-04-10","Edmonton","AB","CAN","CAN","75","222","2003","CGY","1","9","9"
"802","Dmitrij Jaskin","STL","R","26","1993-03-23","Omsk","","RUS","CZE","74","216","2011","STL","2","11","41"
"701","Dmitry Kulikov","FLA","D","28","1990-10-29","Lipetsk","","RUS","RUS","73","204","2009","FLA","1","14","14"
"714","Dmitry Orlov","WSH","D","27","1991-07-23","Novokuznetsk","","RUS","RUS","71","212","2009","WSH","2","25","55"
"811","Dougie Hamilton","BOS","D","25","1993-06-17","Toronto","ON","CAN","CAN","78","229","2011","BOS","1","9","9"
"123","Douglas Murray","PIT, S.J","D","39","1980-03-12","Bromma","","SWE","SWE","75","240","1999","S.J","8","26","241"
"571","Drayson Bowman","CAR","L","30","1989-03-08","Grand Rapids","MI","USA","USA","73","195","2007","CAR","3","11","72"
"601","Drew Doughty","L.A","D","29","1989-12-08","London","ON","CAN","CAN","73","202","2008","L.A","1","2","2"
"838","Drew LeBlanc","CHI","C","29","1989-06-29","Duluth","MN","USA","USA","72","194","-","-","-","-","-"
"306","Drew Miller","DET","L","35","1984-02-17","Dover","NJ","USA","USA","74","183","2003","ANA","6","19","186"
"718","Drew Shore","FLA","C","28","1991-01-29","Denver","CO","USA","USA","75","205","2009","FLA","2","14","44"
"331","Drew Stafford","BUF","R","33","1985-10-30","Milwaukee","WI","USA","USA","74","215","2004","BUF","1","13","13"
"246","Duncan Keith","CHI","D","35","1983-07-16","Winnipeg","MB","CAN","CAN","73","192","2002","CHI","2","24","54"
"265","Dustin Brown","L.A","R","34","1984-11-04","Ithaca","NY","USA","USA","72","210","2003","L.A","1","13","13"
"313","Dustin Byfuglien","WPG","D","34","1985-03-27","Roseau","MN","USA","USA","77","260","2003","CHI","8","16","245"
"572","Dustin Jeffrey","PIT","L","31","1988-02-27","Sarnia","ON","CAN","CAN","73","205","2007","PIT","6","20","171"
"324","Dustin Penner","L.A","R","36","1982-09-28","Winkler","MB","CAN","CAN","76","247","-","-","-","-","-"
"564","Dwight King","L.A","L","29","1989-07-05","Meadow Lake","SK","CAN","CAN","76","229","2007","L.A","4","18","109"
"308","Dylan Reese","PIT","D","34","1984-08-29","Pittsburgh","PA","USA","USA","73","205","2003","NYR","7","12","209"
"18","Ed Jovanovski","FLA","D","42","1976-06-26","Windsor","ON","CAN","CAN","75","220","1994","FLA","1","1","1"
"770","Emerson Etem","ANA","L","26","1992-06-16","Long Beach","CA","USA","USA","73","212","2010","ANA","1","29","29"
"48","Eric Belanger","EDM","C","41","1977-12-16","Sherbrooke","QC","CAN","CAN","71","185","1996","L.A","4","16","96"
"26","Eric Boulton","NYI","L","42","1976-08-17","Halifax","NS","CAN","CAN","72","227","1994","NYR","9","26","234"
"60","Eric Brewer","T.B","D","39","1979-04-17","Vernon","BC","CAN","CAN","76","216","1997","NYI","1","5","5"
"269","Eric Fehr","WSH","C","33","1985-09-07","Winkler","MB","CAN","CAN","76","209","2003","WSH","1","18","18"
"713","Eric Gelinas","N.J","D","27","1991-05-08","Vanier","ON","CAN","CAN","76","215","2009","N.J","2","24","54"
"471","Eric Gryba","OTT","D","30","1988-04-14","Saskatoon","SK","CAN","CAN","76","222","2006","OTT","3","5","68"
"232","Eric Nystrom","DAL","L","36","1983-02-14","Syosset","NY","USA","USA","73","200","2002","CGY","1","10","10"
"600","Eric Selleck","FLA","L","31","1987-10-20","Brockville","ON","CAN","CAN","74","208","-","-","-","-","-"
"257","Eric Staal","CAR","C","34","1984-10-29","Thunder Bay","ON","CAN","CAN","76","207","2003","CAR","1","2","2"
"537","Eric Tangradi","PIT, WPG","L","30","1989-02-10","Philadelphia","PA","USA","USA","76","226","2007","ANA","2","12","42"
"674","Eric Wellwood","PHI","L","29","1990-03-06","Windsor","ON","CAN","CAN","71","180","2009","PHI","6","21","172"
"89","Erik Cole","DAL, MTL","L","40","1978-11-06","Oswego","NY","USA","USA","74","205","1998","CAR","3","13","71"
"503","Erik Condra","OTT","R","32","1986-08-06","Trenton","MI","USA","USA","71","185","2006","OTT","7","28","211"
"775","Erik Gudbranson","FLA","D","27","1992-01-07","Ottawa","ON","CAN","CAN","77","217","2010","FLA","1","3","3"
"747","Erik Gustafsson","PHI","D","30","1988-12-15","Kvissleby","","SWE","SWE","70","180","-","-","-","-","-"
"465","Erik Johnson","COL","D","31","1988-03-21","Bloomington","MN","USA","USA","76","225","2006","STL","1","1","1"
"613","Erik Karlsson","OTT","D","28","1990-05-31","Landsbro","","SWE","SWE","72","190","2008","OTT","1","15","15"
"693","Evander Kane","WPG","L","27","1991-08-02","Vancouver","BC","CAN","CAN","74","210","2009","ATL","1","4","4"
"326","Evgeni Malkin","PIT","C","32","1986-07-31","Magnitogorsk","","RUS","RUS","75","195","2004","PIT","1","2","2"
"177","Fedor Tyutin","CBJ","D","35","1983-07-19","Izhevsk","","RUS","RUS","74","221","2001","NYR","2","10","40"
"833","Filip Forsberg","NSH","L","24","1994-08-13","Ostervala","","SWE","SWE","73","205","2012","WSH","1","11","11"
"34","Filip Kuba","FLA","D","42","1976-12-29","Ostrava","","CZE","CZE","76","225","1995","FLA","8","10","192"
"54","Francis Bouillon","MTL","D","43","1975-10-17","New York City","NY","USA","USA","68","194","-","-","-","-","-"
"305","Francis Wathier","DAL","L","34","1984-12-07","St. Isidore","ON","CAN","CAN","76","210","2003","DAL","6","18","185"
"90","Francois Beauchemin","ANA","D","38","1980-06-04","Sorel","QC","CAN","CAN","71","208","1998","MTL","3","17","75"
"799","Frank Corrado","VAN","D","26","1993-03-26","Toronto","ON","CAN","CAN","72","205","2011","VAN","5","29","150"
"224","Frans Nielsen","NYI","C","34","1984-04-24","Herning","","DNK","DNK","73","188","2002","NYI","3","24","87"
"515","Frazer McLaren","S.J, TOR","L","31","1987-10-29","Winnipeg","MB","CAN","CAN","77","230","2007","S.J","7","22","203"
"731","Gabriel Bourque","NSH","L","28","1990-09-23","Rimouski","QC","CAN","CAN","70","206","2009","NSH","5","11","132"
"728","Gabriel Dumont","MTL","C","28","1990-10-06","Ville Degelis","QC","CAN","CAN","70","190","2009","MTL","5","18","139"
"805","Gabriel Landeskog","COL","L","26","1992-11-23","Stockholm","","SWE","SWE","73","215","2011","COL","1","2","2"
"121","George Parros","FLA","R","39","1979-12-29","Washington","PA","USA","USA","77","224","1999","L.A","8","7","222"
"382","Grant Clitsome","WPG","D","33","1985-04-14","Gloucester","ON","CAN","CAN","71","211","2004","CBJ","9","13","271"
"649","Greg Pateryn","MTL","D","28","1990-06-20","Sterling Heights","MI","USA","USA","75","223","2008","TOR","5","7","128"
"518","Greg Rallo","FLA","C","37","1981-08-26","Gurnee","IL","USA","USA","72","195","-","-","-","-","-"
"152","Greg Zanon","COL","D","38","1980-06-05","Burnaby","BC","CAN","CAN","71","201","2000","OTT","5","26","156"
"230","Gregory Campbell","BOS","C","35","1983-12-17","London","ON","CAN","CAN","72","188","2002","FLA","3","4","67"
"393","Guillaume Latendresse","OTT","L","31","1987-05-24","Ste-Catherine","QC","CAN","CAN","74","230","2005","MTL","2","15","45"
"645","Gustav Nyquist","DET","R","29","1989-09-01","Halmstad","","SWE","SWE","71","184","2008","DET","4","30","121"
"15","Hal Gill","NSH","D","44","1975-04-06","Concord","MA","USA","USA","79","243","1993","BOS","8","25","207"
"828","Harri Pesonen","N.J","C","30","1988-08-06","Muurame","","FIN","FIN","72","195","-","-","-","-","-"
"791","Harry Zolnierczyk","PHI","L","31","1987-09-01","Toronto","ON","CAN","CAN","71","180","-","-","-","-","-"
"106","Henrik Sedin","VAN","C","38","1980-09-26","Ornskoldsvik","","SWE","SWE","74","183","1999","VAN","1","3","3"
"65","Henrik Tallinder","N.J","D","40","1979-01-10","Stockholm","","SWE","SWE","76","209","1997","BUF","2","22","48"
"119","Henrik Zetterberg","DET","L","38","1980-10-09","Njurunda","","SWE","SWE","72","197","1999","DET","7","24","210"
"535","Ian Cole","STL","D","30","1989-02-21","Ann Arbor","MI","USA","USA","73","219","2007","STL","1","18","18"
"243","Ian White","DET","D","34","1984-06-04","Steinbach","MB","CAN","CAN","70","191","2002","TOR","6","25","191"
"160","Ilya Kovalchuk","N.J","R","35","1983-04-15","Tver","","RUS","RUS","75","222","2001","ATL","1","1","1"
"816","J.T. Miller","NYR","L","26","1993-03-14","East Palestine","OH","USA","USA","73","218","2011","NYR","1","15","15"
"596","Jack Hillen","WSH","D","33","1986-01-24","Minnetonka","MN","USA","USA","70","190","-","-","-","-","-"
"396","Jack Johnson","CBJ","D","32","1987-01-13","Indianapolis","IN","USA","USA","73","227","2005","CAR","1","3","3"
"398","Jack Skille","FLA","R","31","1987-05-19","Madison","WI","USA","USA","73","216","2005","CHI","1","7","7"
"706","Jacob Josefson","N.J","C","28","1991-03-02","Stockholm","","SWE","SWE","72","196","2009","N.J","1","20","20"
"768","Jaden Schwartz","STL","L","26","1992-06-25","Wilcox","SK","CAN","CAN","70","190","2010","STL","1","14","14"
"368","Jake Dowell","MIN","C","34","1985-03-04","Eau Claire","WI","USA","USA","72","200","2004","CHI","5","11","140"
"615","Jake Gardiner","TOR","D","28","1990-07-04","Minnetonka","MN","USA","USA","74","203","2008","ANA","1","17","17"
"579","Jake Muzzin","L.A","D","30","1989-02-21","Woodstock","ON","CAN","CAN","75","213","2007","PIT","5","20","141"
"688","Jakob Silfverberg","OTT","R","28","1990-10-13","Gävle","","SWE","SWE","74","204","2009","OTT","2","9","39"
"404","Jakub Kindl","DET","D","32","1987-02-10","Sumperk","","CZE","CZE","75","199","2005","DET","1","19","19"
"578","Jakub Voracek","PHI","R","29","1989-08-15","Kladno","","CZE","CZE","74","214","2007","CBJ","1","7","7"
"14","Jamal Mayers","CHI","R","44","1974-10-24","Toronto","ON","CAN","CAN","73","222","1993","STL","4","11","89"
"412","James Neal","PIT","L, R","31","1987-09-03","Whitby","ON","CAN","CAN","74","212","2005","DAL","2","3","33"
"485","James Sheppard","S.J","C","30","1988-04-25","Halifax","NS","CAN","CAN","73","215","2006","MIN","1","9","9"
"544","James van Riemsdyk","TOR","L","29","1989-05-04","Middletown","NJ","USA","USA","75","217","2007","PHI","1","2","2"
"238","James Wisniewski","CBJ","D","35","1984-02-21","Canton","MI","USA","USA","71","203","2002","CHI","5","25","156"
"644","James Wright","WPG","C","29","1990-03-24","Saskatoon","SK","CAN","CAN","76","210","2008","T.B","4","26","117"
"532","Jamie Benn","DAL","L","29","1989-07-18","Victoria","BC","CAN","CAN","74","205","2007","DAL","5","8","129"
"12","Jamie Langenbrunner","STL","R","43","1975-07-24","Cloquet","MN","USA","USA","73","205","1993","DAL","2","9","35"
"498","Jamie McBain","CAR","D","31","1988-02-25","Edina","MN","USA","USA","73","195","2006","CAR","2","33","63"
"469","Jamie McGinn","COL","L","30","1988-08-05","Fergus","ON","CAN","CAN","73","205","2006","S.J","2","6","36"
"815","Jamie Oleksiak","DAL","D","26","1992-12-21","Toronto","ON","CAN","CAN","79","255","2011","DAL","1","14","14"
"293","Jamie Tardif","BOS","R","34","1985-01-23","Welland","ON","CAN","CAN","72","199","2003","CGY","4","11","112"
"292","Jan Hejda","COL","D","40","1978-06-18","Prague","","CZE","CZE","76","230","2003","BUF","4","5","106"
"497","Jan Mursak","DET","L","31","1988-01-20","Maribor","","SVN","SVN","71","190","2006","DET","6","29","182"
"384","Jannik Hansen","VAN","R","33","1986-03-15","Rødovre","","DNK","DNK","73","198","2004","VAN","9","29","287"
"427","Jared Boll","CBJ","R","32","1986-05-13","Charlotte","NC","USA","USA","75","206","2005","CBJ","4","10","101"
"697","Jared Cowen","OTT","D","28","1991-01-25","Saskatoon","SK","CAN","CAN","77","238","2009","OTT","1","9","9"
"655","Jared Spurgeon","MIN","D","29","1989-11-29","Edmonton","AB","CAN","CAN","69","167","2008","NYI","6","5","156"
"631","Jared Staal","CAR","R","28","1990-08-21","Thunder Bay","ON","CAN","CAN","76","210","2008","PHX","2","19","49"
"30","Jarome Iginla","CGY, PIT","R","41","1977-07-01","Edmonton","AB","CAN","CAN","73","210","1995","DAL","1","11","11"
"1","Jaromir Jagr","BOS, DAL","R","47","1972-02-15","Kladno","","CZE","CZE","75","230","1990","PIT","1","5","5"
"781","Jarred Tinordi","MTL","D","27","1992-02-20","Burnsville","MN","USA","USA","78","230","2010","MTL","1","22","22"
"145","Jarret Stoll","L.A","C","36","1982-06-24","Melville","SK","CAN","CAN","73","216","2002","EDM","2","6","36"
"786","Jason Akeson","PHI","R","28","1990-06-03","Ottawa","ON","CAN","CAN","70","185","-","-","-","-","-"
"67","Jason Chimera","WSH","L","39","1979-05-02","Edmonton","AB","CAN","CAN","75","215","1997","EDM","5","15","121"
"590","Jason Demers","S.J","D","30","1988-06-09","Dorval","QC","CAN","CAN","73","195","2008","S.J","7","5","186"
"597","Jason Garrison","VAN","D","34","1984-11-13","White Rock","BC","CAN","CAN","73","218","-","-","-","-","-"
"180","Jason Pominville","BUF, MIN","R","36","1982-11-30","Repentigny","QC","CAN","USA","72","180","2001","BUF","2","25","55"
"161","Jason Spezza","OTT","C","35","1983-06-13","Toronto","ON","CAN","CAN","75","215","2001","OTT","1","2","2"
"753","Jason Zucker","MIN","L","27","1992-01-16","Newport Beach","CA","USA","USA","71","183","2010","MIN","2","29","59"
"593","Jay Beagle","WSH","C","33","1985-10-16","Calgary","AB","CAN","CAN","75","210","-","-","-","-","-"
"225","Jay Bouwmeester","CGY, STL","D","35","1983-09-27","Edmonton","AB","CAN","CAN","76","206","2002","FLA","1","3","3"
"183","Jay Harrison","CAR","D","36","1982-11-03","Oshawa","ON","CAN","CAN","76","188","2001","TOR","3","19","82"
"181","Jay McClement","TOR","C","36","1983-03-02","Kingston","ON","CAN","CAN","73","205","2001","STL","2","27","57"
"11","Jay Pandolfo","BOS","L","44","1974-12-27","Winchester","MA","USA","USA","73","190","1993","N.J","2","6","32"
"311","Jay Rosehill","PHI","L","33","1985-07-16","Olds","AB","CAN","CAN","75","215","2003","T.B","7","30","227"
"801","Jean-Gabriel Pageau","OTT","C","26","1992-11-11","Ottawa","ON","CAN","CAN","70","184","2011","OTT","4","5","96"
"264","Jeff Carter","L.A","C","34","1985-01-01","London","ON","CAN","CAN","75","219","2003","PHI","1","11","11"
"104","Jeff Halpern","MTL, NYR","C","42","1976-05-03","Washington","DC","USA","USA","72","190","-","-","-","-","-"
"478","Jeff Petry","EDM","D","31","1987-12-09","Ann Arbor","MI","USA","USA","75","197","2006","EDM","2","15","45"
"337","Jeff Schultz","WSH","D","33","1986-02-25","Calgary","AB","CAN","CAN","78","225","2004","WSH","1","27","27"
"773","Jeff Skinner","CAR","L","26","1992-05-16","Toronto","ON","CAN","CAN","71","187","2010","CAR","1","7","7"
"719","Jeremy Morin","CHI","L","27","1991-04-16","Auburn","NY","USA","USA","73","195","2009","ATL","2","15","45"
"825","Jeremy Welsh","CAR","C","30","1988-04-30","Bayfield","ON","CAN","CAN","75","210","-","-","-","-","-"
"124","Jerred Smithson","EDM, FLA","C","40","1979-02-04","Vernon","BC","CAN","CAN","75","209","-","-","-","-","-"
"480","Jesse Joensuu","NYI","L","31","1987-10-05","Pori","","FIN","FIN","76","213","2006","NYI","2","30","60"
"536","Jim O'Brien","OTT","C","30","1989-01-29","Maplewood","MN","USA","USA","75","195","2007","OTT","1","29","29"
"248","Jim Slater","WPG","C","36","1982-12-09","Lapeer","MI","USA","USA","72","195","2002","ATL","1","30","30"
"634","Jimmy Hayes","CHI","R","29","1989-11-21","Dorchester","MA","USA","USA","77","215","2008","TOR","2","30","60"
"236","Jiri Hudler","CGY","R","35","1984-01-04","Olomouc","","CZE","CZE","70","190","2002","DET","2","28","58"
"473","Jiri Tlusty","CAR","L","31","1988-03-16","Slany","","CZE","CZE","72","205","2006","TOR","1","13","13"
"582","Joakim Andersson","DET","C","30","1989-02-05","Munkedal","","SWE","SWE","74","211","2007","DET","3","27","88"
"31","Jochen Hecht","BUF","C","41","1977-06-21","Mannheim","","DEU","DEU","73","198","1995","STL","2","23","49"
"35","Jody Shelley","PHI","L","43","1976-02-07","Thompson","MB","CAN","CAN","75","230","-","-","-","-","-"
"612","Joe Colborne","TOR","C","29","1990-01-30","Calgary","AB","CAN","CAN","77","221","2008","BOS","1","16","16"
"66","Joe Corvo","CAR","D","41","1977-06-20","Oak Park","IL","USA","USA","72","204","1997","L.A","4","3","83"
"408","Joe Finley","NYI","D","31","1987-06-29","Edina","MN","USA","USA","80","245","2005","WSH","1","27","27"
"307","Joe Pavelski","S.J","C","34","1984-07-11","Plover","WI","USA","USA","71","190","2003","S.J","7","8","205"
"57","Joe Thornton","S.J","C","39","1979-07-02","London","ON","CAN","CAN","76","220","1997","BOS","1","1","1"
"442","Joe Vitale","PIT","C","33","1985-08-20","St. Louis","MO","USA","USA","71","205","2005","PIT","7","1","195"
"126","Joel Ward","WSH","R","38","1980-12-02","North York","ON","CAN","CAN","73","225","-","-","-","-","-"
"227","Joey Crabb","WSH","R","36","1983-04-03","Anchorage","AK","USA","USA","73","188","2002","NYR","7","29","226"
"237","Joffrey Lupul","TOR","L","35","1983-09-23","Fort Saskatchewan","AB","CAN","CAN","73","206","2002","ANA","1","7","7"
"356","Johan Franzen","DET","R","39","1979-12-23","Vetlanda","","SWE","SWE","76","232","2004","DET","3","32","97"
"756","Johan Larsson","MIN","C","26","1992-07-25","Lau","","SWE","SWE","71","202","2010","MIN","2","26","56"
"620","John Carlson","WSH","D","29","1990-01-10","Natick","MA","USA","USA","75","218","2008","WSH","1","27","27"
"85","John Erskine","WSH","D","38","1980-06-26","Kingston","ON","CAN","CAN","76","220","1998","DAL","2","12","39"
"300","John Mitchell","COL","C","34","1985-01-22","Oakville","ON","CAN","CAN","73","204","2003","TOR","5","22","158"
"707","John Moore","CBJ, NYR","D","28","1990-11-19","Winnetka","IL","USA","USA","74","210","2009","CBJ","1","21","21"
"516","John Scott","BUF","L","36","1982-09-26","Edmonton","AB","CAN","CAN","80","260","-","-","-","-","-"
"690","John Tavares","NYI","C","28","1990-09-20","Mississauga","ON","CAN","CAN","73","209","2009","NYI","1","1","1"
"153","John-Michael Liles","TOR","D","38","1980-11-25","Indianapolis","IN","USA","USA","70","185","2000","COL","5","29","159"
"233","Johnny Boychuk","BOS","D","35","1984-01-19","Edmonton","AB","CAN","CAN","74","227","2002","COL","2","31","61"
"198","Johnny Oduya","CHI","D","37","1981-10-01","Stockholm","","SWE","SWE","72","191","2001","WSH","7","25","221"
"812","Jonas Brodin","MIN","D","25","1993-07-12","Karlstad","","SWE","SWE","73","198","2011","MIN","1","10","10"
"252","Jonathan Ericsson","DET","D","35","1984-03-02","Karlskrona","","SWE","SWE","76","220","2002","DET","9","31","291"
"806","Jonathan Huberdeau","FLA","L","25","1993-06-04","Saint-Jerome","QC","CAN","CAN","73","200","2011","FLA","1","3","3"
"820","Jonathan Marchessault","CBJ","C","28","1990-12-27","Cap-Rouge","QC","CAN","CAN","69","174","-","-","-","-","-"
"508","Jonathan Rheault","FLA","R","32","1986-08-01","Arlington","TX","USA","USA","70","202","2006","PHI","5","22","145"
"506","Jonathan Toews","CHI","C","30","1988-04-29","Winnipeg","MB","CAN","CAN","74","201","2006","CHI","1","3","3"
"580","Jonathon Blum","NSH","D","30","1989-01-30","Long Beach","CA","USA","USA","73","188","2007","NSH","1","23","23"
"223","Joni Pitkanen","CAR","D","35","1983-09-19","Oulu","","FIN","FIN","75","220","2002","PHI","1","4","4"
"784","Joonas Rask","NSH","C","29","1990-03-24","Savonlinna","","FIN","FIN","71","168","2010","NSH","7","18","198"
"681","Jordan Caron","BOS","R","28","1990-11-02","Sayabec","QC","CAN","CAN","75","204","2009","BOS","1","25","25"
"618","Jordan Eberle","EDM","C, R","28","1990-05-15","Regina","SK","CAN","CAN","71","187","2008","EDM","1","22","22"
"454","Jordan Hendry","ANA","D","35","1984-02-23","Lanigan","SK","CAN","CAN","72","194","-","-","-","-","-"
"111","Jordan Leopold","BUF, STL","D","38","1980-08-03","Golden Valley","MN","USA","USA","73","206","1999","ANA","2","16","44"
"736","Jordan Nolan","L.A","C","29","1989-06-23","Garden River, First Nations","ON","CAN","CAN","75","219","2009","L.A","7","5","186"
"678","Jordan Schroeder","VAN","C","28","1990-09-29","Lakeville","MN","USA","USA","69","170","2009","VAN","1","22","22"
"483","Jordan Staal","CAR","C","30","1988-09-10","Thunder Bay","ON","CAN","CAN","76","220","2006","PIT","1","2","2"
"666","Jordie Benn","DAL","D","31","1987-07-26","Victoria","BC","CAN","CAN","74","199","-","-","-","-","-"
"186","Jordin Tootoo","DET","R","36","1983-02-02","Churchill","MB","CAN","CAN","69","195","2001","NSH","4","2","98"
"609","Josh Bailey","NYI","R","29","1989-10-02","Bowmanville","ON","CAN","CAN","73","212","2008","NYI","1","9","9"
"253","Josh Gorges","MTL","D","34","1984-08-14","Kelowna","BC","CAN","CAN","73","204","-","-","-","-","-"
"358","JT Wyman","T.B","R","33","1986-02-27","Edina","MN","USA","USA","74","209","2004","MTL","4","2","100"
"195","Jussi Jokinen","CAR, PIT","L","36","1983-04-01","Kalajoki","","FIN","FIN","72","191","2001","DAL","6","27","192"
"414","Justin Abdelkader","DET","L","32","1987-02-25","Muskegon","MI","USA","USA","74","214","2005","DET","2","12","42"
"538","Justin Braun","S.J","D","32","1987-02-10","Minneapolis","MN","USA","USA","74","205","2007","S.J","7","20","201"
"531","Justin Falk","MIN","D","30","1988-10-11","Snowflake","MB","CAN","CAN","77","223","2007","MIN","4","19","110"
"760","Justin Faulk","CAR","D","27","1992-03-20","South St.Paul","MN","USA","USA","72","217","2010","CAR","2","7","37"
"624","Justin Schultz","EDM","D","28","1990-07-06","Kelowna","BC","CAN","CAN","74","193","2008","ANA","2","13","43"
"140","Justin Williams","L.A","R","37","1981-10-04","Cobourg","ON","CAN","CAN","73","184","2000","PHI","1","28","28"
"530","Karl Alzner","WSH","D","30","1988-09-24","Burnaby","BC","CAN","CAN","75","219","2007","WSH","1","5","5"
"474","Kaspars Daugavins","BOS, OTT","L","30","1988-05-18","Riga","","LVA","LVA","72","213","2006","OTT","3","28","91"
"584","Keaton Ellerby","FLA, L.A","D","30","1988-11-05","Strathmore","AB","CAN","CAN","77","220","2007","FLA","1","10","10"
"206","Keith Aucoin","NYI","C","40","1978-11-06","Waltham","MA","USA","USA","68","171","-","-","-","-","-"
"547","Keith Aulie","T.B","D","29","1989-06-11","Rouleau","SK","CAN","CAN","78","222","2007","CGY","4","25","116"
"214","Keith Ballard","VAN","D","36","1982-11-26","Baudette","MN","USA","USA","71","204","2002","BUF","1","11","11"
"420","Keith Yandle","PHX","D","32","1986-09-09","Boston","MA","USA","USA","73","191","2005","PHX","4","14","105"
"97","Kent Huskins","DET, PHI","D","39","1979-05-04","Almonte","ON","CAN","CAN","76","210","1998","CHI","6","11","156"
"190","Kevin Bieksa","VAN","D","37","1981-06-16","Grimsby","ON","CAN","CAN","73","197","2001","VAN","5","20","151"
"447","Kevin Henderson","NSH","L","32","1986-12-03","Toronto","ON","CAN","CAN","75","210","-","-","-","-","-"
"279","Kevin Klein","NSH","D","34","1984-12-13","Kitchener","ON","CAN","CAN","73","206","2003","NSH","2","7","37"
"363","Kevin Porter","BUF","C","33","1986-03-12","Detroit","MI","USA","USA","72","190","2004","PHX","4","21","119"
"540","Kevin Shattenkirk","STL","D","30","1989-01-29","New Rochelle","NY","USA","USA","72","206","2007","COL","1","14","14"
"519","Kevin Westgarth","CAR","R","35","1984-02-07","Amherstburg","ON","CAN","CAN","76","234","-","-","-","-","-"
"16","Kimmo Timonen","PHI","D","44","1975-03-18","Kuopio","","FIN","FIN","70","194","1993","L.A","10","16","250"
"492","Korbinian Holzer","TOR","D","31","1988-02-16","Munich","","DEU","DEU","75","218","2006","TOR","4","18","111"
"417","Kris Letang","PIT","D","31","1987-04-24","Montreal","QC","CAN","CAN","72","201","2005","PIT","3","1","62"
"240","Kris Newbury","NYR","C","37","1982-02-19","Brampton","ON","CAN","CAN","71","205","2002","S.J","5","8","139"
"418","Kris Russell","STL","D","31","1987-05-02","Caroline","AB","CAN","CAN","70","170","2005","CBJ","3","6","67"
"366","Kris Versteeg","FLA","R","32","1986-05-13","Lethbridge","AB","CAN","CAN","71","176","2004","BOS","5","5","134"
"94","Krys Barch","N.J","R","39","1980-03-26","Hamilton","ON","CAN","CAN","74","225","1998","WSH","4","20","106"
"144","Kurtis Foster","PHI","D","37","1981-11-24","Carp","ON","CAN","CAN","77","225","2000","CGY","2","10","40"
"309","Kyle Brodziak","MIN","C","34","1984-05-25","St. Paul","AB","CAN","CAN","74","205","2003","EDM","7","17","214"
"332","Kyle Chipchura","PHX","C","33","1986-02-19","Westlock","AB","CAN","CAN","74","203","2004","MTL","1","18","18"
"685","Kyle Clifford","L.A","L","28","1991-01-13","Ayr","ON","CAN","CAN","74","211","2009","L.A","2","5","35"
"466","Kyle Okposo","NYI","R","30","1988-04-16","St. Paul","MN","USA","USA","72","219","2006","NYI","1","7","7"
"682","Kyle Palmieri","ANA","R","28","1991-02-01","Smithtown","NY","USA","USA","71","185","2009","ANA","1","26","26"
"297","Kyle Quincey","DET","D","33","1985-08-12","Kitchener","ON","CAN","CAN","74","210","2003","DET","4","31","132"
"555","Kyle Turris","OTT","C","29","1989-08-14","New Westminster","BC","CAN","CAN","73","190","2007","PHX","1","3","3"
"188","Kyle Wellwood","WPG","C","35","1983-05-16","Windsor","ON","CAN","CAN","70","181","2001","TOR","5","3","134"
"330","Ladislav Smid","EDM","D","33","1986-02-01","Frydlant","","CZE","CZE","76","210","2004","ANA","1","9","9"
"732","Lane MacDermid","BOS, DAL","L","29","1989-08-25","Hartford","CT","USA","USA","75","215","2009","BOS","4","21","112"
"585","Lars Eller","MTL","C","29","1989-05-08","Rodovre","","DNK","DNK","74","207","2007","STL","1","13","13"
"333","Lauri Korpikoski","PHX","L","32","1986-07-28","Turku","","FIN","FIN","73","193","2004","NYR","1","19","19"
"299","Lee Stempniak","CGY","R","36","1983-02-04","West Seneca","NY","USA","USA","71","195","2003","STL","5","12","148"
"375","Lennart Petrell","EDM","L","34","1984-04-13","Helsinki","","FIN","FIN","75","215","2004","CBJ","6","27","190"
"468","Leo Komarov","TOR","C","32","1987-01-23","Narva","","EST","FIN","71","209","2006","TOR","6","27","180"
"550","Logan Couture","S.J","C","30","1989-03-28","Guelph","ON","CAN","CAN","73","200","2007","S.J","1","9","9"
"278","Loui Eriksson","DAL","L","33","1985-07-17","Gothenburg","","SWE","SWE","74","179","2003","DAL","2","3","33"
"149","Lubomir Visnovsky","NYI","D","42","1976-08-11","Topolcany","","SVK","SVK","70","192","2000","L.A","4","22","118"
"614","Luca Sbisa","ANA","D","29","1990-01-30","Ozieri","","ITA","CHE","74","204","2008","PHI","1","19","19"
"627","Luke Adam","BUF","C","28","1990-06-18","St. John's","NL","CAN","CAN","74","188","2008","BUF","2","14","44"
"605","Luke Schenn","PHI","D","29","1989-11-02","Saskatoon","SK","CAN","CAN","74","221","2008","TOR","1","5","5"
"698","Magnus Paajarvi","EDM","L","28","1991-04-12","Norrkoping","","SWE","SWE","75","206","2009","EDM","1","10","10"
"78","Manny Malhotra","VAN","C","38","1980-05-18","Mississauga","ON","CAN","CAN","74","207","1998","NYR","1","7","7"
"302","Marc Methot","OTT","D","33","1985-06-21","Ottawa","ON","CAN","CAN","76","230","2003","CBJ","6","1","168"
"402","Marc Staal","NYR","D","32","1987-01-13","Thunder Bay","ON","CAN","CAN","76","213","2005","NYR","1","12","12"
"204","Marc-Andre Bergeron","CAR, T.B","D","38","1980-10-13","Trois-Rivieres","QC","CAN","CAN","69","190","-","-","-","-","-"
"424","Marc-Andre Gragnani","CAR","D","32","1987-03-11","Montreal","QC","CAN","CAN","75","205","2005","BUF","3","26","87"
"413","Marc-Edouard Vlasic","S.J","D","32","1987-03-30","Montreal","QC","CAN","CAN","73","205","2005","S.J","2","5","35"
"171","Marcel Goc","FLA","C","35","1983-08-24","Calw","","DEU","DEU","73","197","2001","S.J","1","20","20"
"633","Marco Scandella","MIN","D","29","1990-02-23","Montreal","QC","CAN","CAN","75","210","2008","MIN","2","25","55"
"721","Marcus Foligno","BUF","L","27","1991-08-10","Buffalo","NY","USA","CAN","75","228","2009","BUF","4","13","104"
"680","Marcus Johansson","WSH","L","28","1990-10-06","Landskrona","","SWE","SWE","73","205","2009","WSH","1","24","24"
"735","Marcus Kruger","CHI","C","28","1990-05-27","Stockholm","","SWE","SWE","72","186","2009","CHI","5","28","149"
"193","Marek Zidlicky","N.J","D","42","1977-02-03","Most","","CZE","CZE","71","190","2001","NYR","6","11","176"
"131","Marian Gaborik","CBJ, NYR","R","37","1982-02-14","Trencin","","SVK","SVK","73","200","2000","MIN","1","3","3"
"61","Marian Hossa","CHI","R","40","1979-01-12","Stará Lubovna","","SVK","SVK","73","207","1997","OTT","1","12","12"
"789","Mark Arcobello","EDM","R","30","1988-08-12","Milford","CT","USA","USA","68","174","-","-","-","-","-"
"656","Mark Barberio","T.B","D","29","1990-03-23","Montreal","QC","CAN","CAN","73","200","2008","T.B","6","1","152"
"650","Mark Borowiecki","OTT","D","29","1989-07-12","Ottawa","ON","CAN","CAN","73","207","2008","OTT","5","18","139"
"667","Mark Cundari","CGY","D","28","1990-04-23","Toronto","ON","CAN","CAN","69","195","-","-","-","-","-"
"103","Mark Eaton","PIT","D","41","1977-05-06","Wilmington","DE","USA","USA","73","215","-","-","-","-","-"
"435","Mark Fayne","N.J","D","31","1987-05-15","Nashua","NH","USA","USA","75","209","2005","N.J","5","30","155"
"338","Mark Fistric","EDM","D","32","1986-06-01","Edmonton","AB","CAN","CAN","74","225","2004","DAL","1","28","28"
"423","Mark Fraser","TOR","D","32","1986-09-29","Ottawa","ON","CAN","CAN","76","220","2005","N.J","3","23","84"
"322","Mark Giordano","CGY","D","35","1983-10-03","Toronto","ON","CAN","CAN","72","200","-","-","-","-","-"
"521","Mark Letestu","CBJ","C","34","1985-02-04","Elk Point","AB","CAN","CAN","70","195","-","-","-","-","-"
"651","Mark Olver","COL","C","31","1988-01-01","Burnaby","BC","CAN","CAN","70","170","2008","COL","5","19","140"
"780","Mark Pysyk","BUF","D","27","1992-01-11","Sherwood Park","AB","CAN","CAN","73","200","2010","BUF","1","23","23"
"809","Mark Scheifele","WPG","C","26","1993-03-15","Kitchener","ON","CAN","CAN","75","207","2011","WPG","1","7","7"
"785","Mark Stone","OTT","R","26","1992-05-13","Winnipeg","MB","CAN","CAN","75","219","2010","OTT","6","28","178"
"127","Mark Streit","NYI","D","41","1977-12-11","Bern","","CHE","CHE","71","186","2004","MTL","9","4","262"
"272","Mark Stuart","WPG","D","34","1984-04-27","Rochester","MN","USA","USA","74","215","2003","BOS","1","21","21"
"118","Martin Erat","NSH, WSH","R","37","1981-08-29","Trebic","","CZE","CZE","72","196","1999","NSH","7","5","191"
"403","Martin Hanzal","PHX","C","32","1987-02-20","Pisek","","CZE","CZE","78","230","2005","PHX","1","17","17"
"109","Martin Havlat","S.J","R","37","1981-04-19","Mlada Boleslav","","CZE","CZE","74","210","1999","OTT","1","26","26"
"70","Martin St. Louis","T.B","R","43","1975-06-18","Laval","QC","CAN","CAN","68","180","-","-","-","-","-"
"38","Marty Reasoner","NYI","C","42","1977-02-26","Honeoye Falls","NY","USA","USA","73","197","1996","STL","1","14","14"
"391","Mason Raymond","VAN","L","33","1985-09-17","Cochrane","AB","CAN","CAN","73","179","2005","VAN","2","21","51"
"509","Mathieu Perreault","WSH","C","31","1988-01-05","Drummondville","QC","CAN","CAN","70","188","2006","WSH","6","24","177"
"310","Mathieu Roy","T.B","D","35","1983-08-10","St. Georges","QC","CAN","CAN","74","210","2003","EDM","7","18","215"
"752","Mats Zuccarello","NYR","R","31","1987-09-01","Oslo","","NOR","NOR","68","184","-","-","-","-","-"
"525","Matt Anderson","N.J","R","36","1982-10-31","West Islip","NY","USA","USA","71","195","-","-","-","-","-"
"663","Matt Bartkowski","BOS","D","30","1988-06-04","Pittsburgh","PA","USA","USA","73","198","2008","FLA","7","9","190"
"476","Matt Beleskey","ANA","L","30","1988-06-07","Windsor","ON","CAN","CAN","72","207","2006","ANA","4","19","112"
"648","Matt Calvert","CBJ","L","29","1989-12-24","Brandon","MB","CAN","CAN","71","186","2008","CBJ","5","6","127"
"113","Matt Carkner","NYI","D","38","1980-11-03","Winchester","ON","CAN","CAN","77","229","1999","MTL","2","30","58"
"281","Matt Carle","T.B","D","34","1984-09-25","Anchorage","AK","USA","USA","72","197","2003","S.J","2","17","47"
"55","Matt Cooke","PIT","L","40","1978-09-07","Belleville","ON","CAN","CAN","71","216","1997","VAN","6","10","144"
"42","Matt Cullen","MIN","C","42","1976-11-02","Virginia","MN","USA","USA","73","202","1996","ANA","2","9","35"
"440","Matt D'Agostini","N.J, STL","R","32","1986-10-23","Sault Ste. Marie","ON","CAN","CAN","72","198","2005","MTL","6","28","190"
"692","Matt Duchene","COL","C","28","1991-01-16","Haliburton","ON","CAN","CAN","71","195","2009","COL","1","3","3"
"210","Matt Ellis","BUF","L","37","1981-08-31","Welland","ON","CAN","CAN","72","208","-","-","-","-","-"
"750","Matt Fraser","DAL","R","28","1990-05-20","Red Deer","AB","CAN","CAN","75","188","-","-","-","-","-"
"587","Matt Frattin","TOR","R","31","1988-01-03","Edmonton","AB","CAN","CAN","72","205","2007","TOR","4","8","99"
"677","Matt Gilroy","NYR","D","34","1984-07-20","North Bellmore","NY","USA","USA","73","199","-","-","-","-","-"
"221","Matt Greene","L.A","D","35","1983-05-13","Grand Ledge","MI","USA","USA","75","236","2002","EDM","2","14","44"
"560","Matt Halischuk","NSH","R","30","1988-06-01","Toronto","ON","CAN","CAN","72","180","2007","N.J","4","26","117"
"150","Matt Hendricks","WSH","L","37","1981-06-17","Blaine","MN","USA","USA","72","211","2000","NSH","5","1","131"
"378","Matt Hunwick","COL","D","33","1985-05-21","Warren","MI","USA","USA","71","194","2004","BOS","7","31","224"
"745","Matt Irwin","S.J","D","31","1987-11-29","Victoria","BC","CAN","CAN","73","207","-","-","-","-","-"
"416","Matt Kassian","OTT","L","32","1986-10-28","Edmonton","AB","CAN","CAN","76","240","2005","MIN","2","27","57"
"653","Matt Martin","NYI","L","29","1989-05-08","Windsor","ON","CAN","CAN","75","220","2008","NYI","5","27","148"
"315","Matt Moulson","NYI","L","35","1983-11-01","North York","ON","CAN","CAN","73","188","2003","PIT","9","2","263"
"409","Matt Niskanen","PIT","D","32","1986-12-06","Virginia","MN","USA","USA","73","203","2005","DAL","1","28","28"
"407","Matt Pelech","S.J","R","31","1987-09-04","Toronto","ON","CAN","CAN","76","230","2005","CGY","1","26","26"
"793","Matt Read","PHI","R","32","1986-06-14","Ilderton","ON","CAN","CAN","70","188","-","-","-","-","-"
"229","Matt Stajan","CGY","C","35","1983-12-19","Mississauga","ON","CAN","CAN","73","195","2002","TOR","2","27","57"
"675","Matt Taormina","T.B","D","32","1986-10-20","Warren","MI","USA","USA","70","188","-","-","-","-","-"
"823","Matt Tennyson","S.J","D","28","1990-04-23","Minneapolis","MN","USA","USA","74","205","-","-","-","-","-"
"738","Matthew Konan","PHI","D","27","1991-09-03","Orange","CA","USA","USA","76","186","-","-","-","-","-"
"156","Matthew Lombardi","ANA, PHX","C","37","1982-03-18","Montreal","QC","CAN","CAN","71","195","2002","CGY","3","27","90"
"720","Mattias Ekholm","NSH","D","28","1990-05-24","Borlange","","SWE","SWE","76","215","2009","NSH","4","11","102"
"616","Mattias Tedenby","N.J","R","29","1990-02-21","Vetlanda","","SWE","SWE","69","175","2008","N.J","1","24","24"
"577","Max Pacioretty","MTL","L","30","1988-11-20","New Canaan","CT","USA","USA","74","206","2007","MTL","1","22","22"
"757","Max Reinhart","CGY","C","27","1992-02-04","West Vancouver","BC","CAN","CAN","73","195","2010","CGY","3","4","64"
"231","Max Talbot","PHI","C","35","1984-02-11","Lemoyne","QC","CAN","CAN","71","186","2002","PIT","8","5","234"
"285","Maxim Lapierre","VAN","C","34","1985-03-29","Saint-Léonard","QC","CAN","CAN","74","215","2003","MTL","2","31","61"
"460","Michael Caruso","FLA","D","30","1988-07-05","Mississauga","ON","CAN","CAN","74","191","2006","FLA","4","10","103"
"617","Michael Del Zotto","NYR","D","28","1990-06-24","Stouffville","ON","CAN","CAN","72","201","2008","NYR","1","20","20"
"494","Michael Frolik","CHI","R","31","1988-02-17","Kladno","","CZE","CZE","73","190","2006","FLA","1","10","10"
"489","Michael Grabner","NYI","R","31","1987-10-05","Villach","","AUT","AUT","73","188","2006","VAN","1","14","14"
"594","Michael Kostka","TOR","D","33","1985-11-28","Etobicoke","ON","CAN","CAN","73","210","-","-","-","-","-"
"102","Michael Ryder","DAL, MTL","R","39","1980-03-31","Bonavista","NL","CAN","CAN","73","200","1998","MTL","8","16","216"
"787","Michael Sgarbossa","COL","C","26","1992-07-25","Campbellville","ON","CAN","CAN","72","186","-","-","-","-","-"
"635","Michael Stone","PHX","D","28","1990-06-07","Winnipeg","MB","CAN","CAN","75","210","2008","PHX","3","8","69"
"32","Michal Handzus","CHI, S.J","C","42","1977-03-11","Banská Bystrica","","SVK","SVK","77","215","1995","STL","4","23","101"
"640","Michal Jordan","CAR","D","28","1990-07-17","Zlin","","CZE","CZE","73","195","2008","CAR","4","14","105"
"49","Michal Rozsival","CHI","D","40","1978-09-03","Vlasim","","CZE","CZE","73","210","1996","PIT","4","25","105"
"591","Micheal Haley","NYR","C","33","1986-03-30","Guelph","ON","CAN","CAN","71","205","-","-","-","-","-"
"808","Mika Zibanejad","OTT","C","25","1993-04-18","Huddinge","","SWE","SWE","74","213","2011","OTT","1","6","6"
"575","Mikael Backlund","CGY","C","30","1989-03-17","Vasteras","","SWE","SWE","73","200","2007","CGY","1","24","24"
"782","Mikael Granlund","MIN","C","27","1992-02-26","Oulu","","FIN","FIN","70","185","2010","MIN","1","9","9"
"96","Mikael Samuelsson","DET","R","42","1976-12-23","Mariefred","","SWE","SWE","74","218","1998","S.J","5","31","145"
"448","Mike Angelidis","T.B","L","33","1985-06-27","Woodbridge","ON","CAN","CAN","73","214","-","-","-","-","-"
"390","Mike Blunden","MTL","R","32","1986-12-15","Toronto","ON","CAN","CAN","76","217","2005","CHI","2","13","43"
"370","Mike Brown","EDM, TOR","R","33","1985-06-24","Chicago","IL","USA","USA","71","205","2004","VAN","5","30","159"
"178","Mike Cammalleri","CGY","L","36","1982-06-08","Toronto","ON","CAN","CAN","69","185","2001","L.A","2","19","49"
"86","Mike Fisher","NSH","C","38","1980-06-05","Peterborough","ON","CAN","CAN","73","216","1998","OTT","2","17","44"
"339","Mike Green","WSH","D","33","1985-10-12","Calgary","AB","CAN","CAN","73","207","2004","WSH","1","29","29"
"673","Mike Hoffman","OTT","L","29","1989-11-24","Kitchener","ON","CAN","CAN","72","180","2009","OTT","5","9","130"
"5","Mike Knuble","PHI","R","46","1972-07-04","Toronto","ON","CAN","USA","75","229","1991","DET","4","10","76"
"164","Mike Komisarek","TOR","D","37","1982-01-19","West Islip","NY","USA","USA","76","235","2001","MTL","1","7","7"
"359","Mike Lundin","OTT","D","34","1984-09-24","Burnsville","MN","USA","USA","74","190","2004","T.B","4","4","102"
"87","Mike Ribeiro","WSH","C","39","1980-02-10","Montreal","QC","CAN","CAN","72","179","1998","MTL","2","18","45"
"274","Mike Richards","L.A","C","34","1985-02-11","Kenora","ON","CAN","CAN","71","196","2003","PHI","1","24","24"
"79","Mike Rupp","MIN, NYR","L","39","1980-01-13","Cleveland","OH","USA","USA","77","235","2000","N.J","3","11","76"
"373","Mike Santorelli","FLA, WPG","C","33","1985-12-14","Vancouver","BC","CAN","CAN","72","189","2004","NSH","6","15","178"
"129","Mike Weaver","FLA","D","40","1978-05-02","Brampton","ON","CAN","CAN","70","186","-","-","-","-","-"
"463","Mike Weber","BUF","D","31","1987-12-16","Pittsburgh","PA","USA","USA","74","188","2006","BUF","2","27","57"
"369","Mikhail Grabovski","TOR","C","35","1984-01-31","Potsdam","","DEU","BLR","71","186","2004","MTL","5","21","150"
"834","Mikhail Grigorenko","BUF","C","24","1994-05-16","Khabarovsk","","RUS","RUS","75","209","2012","BUF","1","12","12"
"608","Mikkel Boedker","PHX","L","29","1989-12-16","Brondby","","DNK","DNK","72","210","2008","PHX","1","8","8"
"163","Mikko Koivu","MIN","C","36","1983-03-12","Turku","","FIN","FIN","75","219","2001","MIN","1","6","6"
"22","Milan Hejduk","COL","R","43","1976-02-14","Usti","","CZE","CZE","72","190","1994","QUE","4","9","87"
"472","Milan Lucic","BOS","L","30","1988-06-07","Vancouver","BC","CAN","CAN","75","231","2006","BOS","2","20","50"
"260","Milan Michalek","OTT","L","34","1984-12-07","Jindrichuv Hradec","","CZE","CZE","74","225","2003","S.J","1","6","6"
"830","Nail Yakupov","EDM","R","25","1993-10-06","Nizhnekamsk","","RUS","RUS","71","195","2012","EDM","1","1","1"
"743","Nate Prosser","MIN","D","32","1986-05-07","Elk River","MN","USA","USA","74","201","-","-","-","-","-"
"304","Nate Thompson","T.B","C","34","1984-10-05","Anchorage","AK","USA","USA","72","207","2003","BOS","6","16","183"
"817","Nathan Beaulieu","MTL","D","26","1992-12-05","Strathroy","ON","CAN","CAN","74","200","2011","MTL","1","17","17"
"432","Nathan Gerbe","BUF","C","31","1987-07-24","Oxford","MI","USA","USA","64","176","2005","BUF","5","17","142"
"258","Nathan Horton","BOS","R","33","1985-05-29","Welland","ON","CAN","CAN","74","188","2003","FLA","1","3","3"
"696","Nazem Kadri","TOR","C","28","1990-10-06","London","ON","CAN","CAN","72","192","2009","TOR","1","7","7"
"763","Nick Bjugstad","FLA","C","26","1992-07-17","Minneapolis","MN","USA","USA","78","215","2010","FLA","1","19","19"
"534","Nick Bonino","ANA","C","30","1988-04-20","Hartford","CT","USA","USA","73","196","2007","S.J","6","22","173"
"437","Nick Drazenovic","CBJ","C","32","1987-01-14","Prince George","BC","CAN","CAN","72","192","2005","STL","6","9","171"
"462","Nick Foligno","CBJ","L","31","1987-10-31","Buffalo","NY","USA","USA","72","202","2006","OTT","1","28","28"
"589","Nick Holden","CBJ","D","31","1987-05-15","St. Albert","AB","CAN","CAN","76","214","-","-","-","-","-"
"350","Nick Johnson","PHX","R","33","1985-12-24","Calgary","AB","CAN","CAN","74","200","2004","PIT","3","2","67"
"703","Nick Leddy","CHI","D","28","1991-03-20","Eden Prairie","MN","USA","USA","72","207","2009","MIN","1","16","16"
"541","Nick Petrecki","S.J","D","29","1989-07-11","Schenectady","NY","USA","USA","75","230","2007","S.J","1","28","28"
"142","Nick Schultz","EDM","D","36","1982-08-25","Strasbourg","SK","CAN","CAN","73","203","2000","MIN","2","3","33"
"562","Nick Spaling","NSH","C","30","1988-09-19","Palmerston","ON","CAN","CAN","73","198","2007","NSH","2","28","58"
"493","Nicklas Backstrom","WSH","C","31","1987-11-23","Gävle","","SWE","SWE","73","210","2006","WSH","1","4","4"
"346","Nicklas Grossmann","PHI","D","34","1985-01-22","Stockholm","","SWE","SWE","76","230","2004","DAL","2","26","56"
"818","Nicklas Jensen","VAN","R","26","1993-03-06","Herning","","DNK","DNK","75","216","2011","VAN","1","29","29"
"441","Nicolas Blanchard","CAR","L","31","1987-05-31","Granby","QC","CAN","CAN","75","205","2005","CAR","6","30","192"
"84","Nik Antropov","WPG","C","39","1980-02-18","Ust-Kamenogorsk","","KAZ","KAZ","78","245","1998","TOR","1","10","10"
"367","Nikita Nikitin","CBJ","D","32","1986-06-16","Omsk","","RUS","RUS","76","217","2004","STL","5","7","136"
"430","Niklas Hjalmarsson","CHI","D","31","1987-06-06","Eksjo","","SWE","SWE","75","197","2005","CHI","4","17","108"
"141","Niklas Kronwall","DET","D","38","1981-01-12","Stockholm","","SWE","SWE","72","194","2000","DET","1","29","29"
"501","Nikolay Kulemin","TOR","L","32","1986-07-14","Magnitogorsk","","RUS","RUS","73","228","2006","TOR","2","14","44"
"110","Nolan Yonkman","FLA","D","38","1981-04-01","Punnichy","SK","CAN","CAN","78","247","1999","WSH","2","9","37"
"695","Oliver Ekman-Larsson","PHX","D","27","1991-07-17","Karlskrona","","SWE","SWE","74","200","2009","PHX","1","6","6"
"737","Oliver Lauridsen","PHI","D","30","1989-03-24","Gentofte","","DNK","DNK","78","220","2009","PHI","7","15","196"
"59","Olli Jokinen","WPG","C","40","1978-12-05","Kuopio","","FIN","FIN","74","210","1997","L.A","1","3","3"
"798","Ondrej Palat","T.B","L","28","1991-03-28","Frydek-Mistek","","CZE","CZE","72","188","2011","T.B","7","27","208"
"551","P.K. Subban","MTL","D","29","1989-05-13","Toronto","ON","CAN","CAN","72","210","2007","MTL","2","13","43"
"200","PA Parenteau","COL","R","36","1983-03-24","Hull","QC","CAN","CAN","72","200","2001","ANA","9","5","264"
"71","Pascal Dupuis","PIT","R","40","1979-04-07","Laval","QC","CAN","CAN","73","205","-","-","-","-","-"
"446","Patric Hornqvist","NSH","R","32","1987-01-01","Sollentuna","","SWE","SWE","71","189","2005","NSH","7","36","230"
"280","Patrice Bergeron","BOS","C","33","1985-07-24","Ancienne-Lorette","QC","CAN","CAN","73","195","2003","BOS","2","15","45"
"632","Patrice Cormier","WPG","C","28","1990-06-14","Moncton","NB","CAN","CAN","74","215","2008","N.J","2","24","54"
"362","Patrick Bordeleau","COL","L","33","1986-03-23","Montreal","QC","CAN","CAN","78","225","2004","MIN","4","16","114"
"249","Patrick Dwyer","CAR","R","35","1983-06-22","Spokane","WA","USA","USA","71","175","2002","ATL","4","20","116"
"277","Patrick Eaves","DET","R","34","1984-05-01","Calgary","AB","CAN","USA","70","203","2003","OTT","1","29","29"
"372","Patrick Kaleta","BUF","R","32","1986-06-08","Buffalo","NY","USA","USA","73","198","2004","BUF","6","13","176"
"573","Patrick Kane","CHI","R","30","1988-11-19","Buffalo","NY","USA","USA","71","177","2007","CHI","1","1","1"
"58","Patrick Marleau","S.J","L","39","1979-09-15","Aneroid","SK","CAN","CAN","74","218","1997","S.J","1","2","2"
"542","Patrick Maroon","ANA","L","30","1988-04-23","St. Louis","MO","USA","USA","75","225","2007","PHI","6","10","161"
"185","Patrick Sharp","CHI","L","37","1981-12-27","Winnipeg","MB","CAN","CAN","73","200","2001","PHI","3","32","95"
"625","Patrick Wiercioch","OTT","D","28","1990-09-12","Burnaby","BC","CAN","CAN","77","202","2008","OTT","2","12","42"
"484","Patrik Berglund","STL","C","30","1988-06-02","Västerås","","SWE","SWE","76","215","2006","STL","1","25","25"
"20","Patrik Elias","N.J","C","42","1976-04-13","Trebic","","CZE","CZE","73","190","1994","N.J","2","25","51"
"294","Paul Bissonnette","PHX","L","34","1985-03-11","Welland","ON","CAN","CAN","74","216","2003","PIT","4","20","121"
"545","Paul Byron","CGY","L","29","1989-04-27","Ottawa","ON","CAN","CAN","69","163","2007","BUF","6","28","179"
"157","Paul Gaustad","NSH","C","37","1982-02-03","Fargo","ND","USA","USA","77","227","2000","BUF","7","23","220"
"148","Paul Martin","PIT","D","38","1981-03-05","Minneapolis","MN","USA","USA","73","200","2000","N.J","2","32","62"
"556","Paul Postma","WPG","D","30","1989-02-22","Red Deer","AB","CAN","CAN","75","195","2007","ATL","7","24","205"
"392","Paul Stastny","COL","C","33","1985-12-27","Quebec City","QC","CAN","USA","72","193","2005","COL","2","14","44"
"100","Pavel Datsyuk","DET","C","40","1978-07-20","Sverdlovsk","","RUS","RUS","71","188","1998","DET","6","26","171"
"456","Peter Harrold","N.J","D","35","1983-06-08","Kirtland Hills","OH","USA","USA","71","180","-","-","-","-","-"
"702","Peter Holland","ANA","C","28","1991-01-14","Toronto","ON","CAN","CAN","74","193","2009","ANA","1","15","15"
"482","Peter Mueller","FLA","C","30","1988-04-14","Bloomington","MN","USA","USA","74","204","2006","PHX","1","8","8"
"354","Peter Regin","OTT","C","32","1986-04-16","Herning","","DNK","DNK","74","190","2004","OTT","3","22","87"
"490","Phil Kessel","TOR","R","31","1987-10-02","Madison","WI","USA","USA","72","202","2006","BOS","1","5","5"
"652","Philip Larsen","DAL","D","29","1989-12-07","Esbjerg","","DNK","DNK","73","185","2008","DAL","5","28","149"
"588","Pierre-Cedric Labrie","T.B","L","32","1986-12-06","Baie-Comeau","QC","CAN","CAN","75","226","-","-","-","-","-"
"226","Pierre-Marc Bouchard","MIN","C","34","1984-04-27","Sherbrooke","QC","CAN","CAN","70","168","2002","MIN","1","8","8"
"769","Quinton Howden","FLA","C","27","1992-01-21","Winnipeg","MB","CAN","CAN","74","189","2010","FLA","1","25","25"
"169","R.J. Umberger","CBJ","C","36","1982-05-03","Pittsburgh","PA","USA","USA","74","214","2001","VAN","1","16","16"
"29","Radek Dvorak","ANA","R","42","1977-03-09","Tabor","","CZE","CZE","74","195","1995","FLA","1","10","10"
"122","Radek Martinek","NYI","D","42","1976-08-31","Havlickuv Brod","","CZE","CZE","72","205","1999","NYI","8","13","228"
"120","Radim Vrbata","PHX","R","37","1981-06-13","Mlada Boleslav","","CZE","CZE","73","194","1999","COL","7","26","212"
"741","Radko Gudas","T.B","D","28","1990-06-05","Prague","","CZE","CZE","72","204","2010","T.B","3","6","66"
"133","Raffi Torres","PHX, S.J","L","37","1981-10-08","Toronto","ON","CAN","CAN","72","215","2000","NYI","1","5","5"
"797","Raphael Diaz","MTL","D","33","1986-01-09","Baar","","CHE","CHE","71","197","-","-","-","-","-"
"4","Ray Whitney","DAL","L","46","1972-05-08","Fort Saskatchewan","AB","CAN","CAN","70","180","1991","S.J","2","1","23"
"708","Reilly Smith","DAL","R","28","1991-04-01","Toronto","ON","CAN","CAN","72","185","2009","DAL","3","8","69"
"385","Rene Bourque","MTL","R","37","1981-12-10","Lac La Biche","AB","CAN","CAN","74","217","-","-","-","-","-"
"419","Rich Clune","NSH","L","31","1987-04-25","Toronto","ON","CAN","CAN","70","207","2005","DAL","3","10","71"
"386","Rich Peverley","BOS","C","36","1982-07-08","Kingston","ON","CAN","CAN","71","195","-","-","-","-","-"
"717","Richard Panik","T.B","R","28","1991-02-07","Martin","","SVK","SVK","73","208","2009","T.B","2","22","52"
"212","Rick Nash","NYR","R","34","1984-06-16","Brampton","ON","CAN","CAN","76","211","2002","CBJ","1","1","1"
"819","Rickard Rakell","ANA","C","25","1993-05-05","Sundbyberg","","SWE","SWE","74","202","2011","ANA","1","30","30"
"553","Riley Nash","CAR","C","29","1989-05-09","Consort","AB","CAN","CAN","73","190","2007","EDM","1","21","21"
"771","Riley Sheahan","DET","C","27","1991-12-07","St. Catharines","ON","CAN","CAN","75","214","2010","DET","1","21","21"
"528","Rob Klinkhammer","PHX","L","32","1986-08-12","Lethbridge","AB","CAN","CAN","75","214","-","-","-","-","-"
"95","Rob Scuderi","L.A","D","40","1978-12-30","Syosset","NY","USA","USA","73","216","1998","PIT","5","20","134"
"574","Robert Bortuzzo","PIT","D","30","1989-03-18","Thunder Bay","ON","CAN","CAN","76","216","2007","PIT","3","17","78"
"81","Robyn Regehr","BUF, L.A","D","38","1980-04-19","Recife","","BRA","CAN","75","222","1998","COL","1","19","19"
"826","Roman Cervenka","CGY","C","33","1985-12-10","Praha","","CZE","CZE","71","201","-","-","-","-","-"
"6","Roman Hamrlik","NYR, WSH","D","45","1974-04-12","Zlin","","CZE","CZE","74","206","1992","T.B","1","1","1"
"729","Roman Horak","CGY","C","27","1991-05-21","Ceské Budejovice","","CZE","CZE","72","188","2009","NYR","5","6","127"
"623","Roman Josi","NSH","D","28","1990-06-01","Bern","","CHE","CHE","73","201","2008","NSH","2","8","38"
"374","Roman Polak","STL","D","32","1986-04-28","Ostrava","","CZE","CZE","74","240","2004","STL","6","17","180"
"135","Ron Hainsey","WPG","D","38","1981-03-24","Bolton","CT","USA","USA","75","205","2000","MTL","1","13","13"
"132","Rostislav Klesla","PHX","D","37","1982-03-21","Novy Jicin","","CZE","CZE","75","215","2000","CBJ","1","4","4"
"125","Ruslan Fedotenko","PHI","L","40","1979-01-18","Kiev","","UKR","UKR","73","188","-","-","-","-","-"
"365","Ryan Callahan","NYR","R","34","1985-03-21","Rochester","NY","USA","USA","70","187","2004","NYR","4","29","127"
"510","Ryan Carter","N.J","L","35","1983-08-03","White Bear Lake","MN","USA","USA","73","205","-","-","-","-","-"
"699","Ryan Ellis","NSH","D","28","1991-01-03","Hamilton","ON","CAN","CAN","70","180","2009","NSH","1","11","11"
"790","Ryan Garbutt","DAL","C","33","1985-08-12","Edmonton","AB","CAN","CAN","72","195","-","-","-","-","-"
"270","Ryan Getzlaf","ANA","C","33","1985-05-10","Regina","SK","CAN","CAN","76","225","2003","ANA","1","19","19"
"458","Ryan Hamilton","TOR","L","33","1985-04-15","Oshawa","ON","CAN","CAN","74","219","-","-","-","-","-"
"778","Ryan Johansen","CBJ","C","26","1992-07-31","Vancouver","BC","CAN","CAN","75","218","2010","CBJ","1","4","4"
"361","Ryan Jones","EDM","L","34","1984-06-14","Chatham","ON","CAN","CAN","73","208","2004","MIN","4","13","111"
"273","Ryan Kesler","VAN","C","34","1984-08-31","Livonia","MI","USA","USA","74","206","2003","VAN","1","23","23"
"116","Ryan Malone","T.B","L","39","1979-12-01","Pittsburgh","PA","USA","USA","76","224","1999","PIT","4","19","115"
"576","Ryan McDonagh","NYR","D","29","1989-06-13","St. Paul","MN","USA","USA","73","215","2007","MTL","1","12","12"
"813","Ryan Murphy","CAR","D","26","1993-03-31","Aurora","ON","CAN","CAN","71","181","2011","CAR","1","12","12"
"804","Ryan Nugent-Hopkins","EDM","C","26","1993-04-12","Burnaby","BC","CAN","CAN","72","184","2011","EDM","1","1","1"
"290","Ryan O'Byrne","COL, TOR","D","34","1984-07-19","Victoria","BC","CAN","CAN","77","234","2003","MTL","3","11","79"
"684","Ryan O'Reilly","COL","C","28","1991-02-07","Clinton","ON","CAN","CAN","73","216","2009","COL","2","3","33"
"436","Ryan Reaves","STL","R","32","1987-01-20","Winnipeg","MB","CAN","CAN","73","225","2005","STL","5","31","156"
"19","Ryan Smyth","EDM","L","43","1976-02-21","Banff","AB","CAN","CAN","74","191","1994","EDM","1","6","6"
"755","Ryan Spooner","BOS","C","27","1992-01-30","Ottawa","ON","CAN","CAN","70","191","2010","BOS","2","15","45"
"742","Ryan Stanton","CHI","D","29","1989-07-20","St. Albert","AB","CAN","CAN","73","205","-","-","-","-","-"
"261","Ryan Suter","MIN","D","34","1985-01-21","Madison","WI","USA","USA","74","208","2003","NSH","1","7","7"
"470","Ryan White","MTL","C","31","1988-03-17","Brandon","MB","CAN","CAN","72","200","2006","MTL","3","3","66"
"250","Ryan Whitney","EDM","D","36","1983-02-19","Boston","MA","USA","USA","76","209","2002","PIT","1","5","5"
"514","Ryan Wilson","COL","D","32","1987-02-03","Windsor","ON","CAN","CAN","73","210","-","-","-","-","-"
"192","Ryane Clowe","NYR, S.J","L","36","1982-09-30","St. John's","NL","CAN","CAN","75","188","2001","S.J","6","10","175"
"9","Saku Koivu","ANA","C","44","1974-11-23","Turku","","FIN","FIN","70","181","1993","MTL","1","21","21"
"546","Sam Gagner","EDM","C","29","1989-08-10","London","ON","CAN","CAN","71","200","2007","EDM","1","6","6"
"53","Sami Salo","T.B","D","44","1974-09-02","Turku","","FIN","FIN","75","215","1996","OTT","9","24","239"
"722","Sami Vatanen","ANA","D","27","1991-06-03","Jyväskylä","","FIN","FIN","70","185","2009","ANA","4","15","106"
"83","Scott Gomez","S.J","C","39","1979-12-23","Anchorage","AK","USA","USA","71","200","1998","N.J","1","27","27"
"63","Scott Hannan","NSH, S.J","D","40","1979-01-23","Richmond","BC","CAN","CAN","73","215","1997","S.J","1","23","23"
"134","Scott Hartnell","PHI","L","36","1982-04-18","Regina","SK","CAN","CAN","74","215","2000","NSH","1","6","6"
"832","Scott Laughton","PHI","C","24","1994-05-30","Oakville","ON","CAN","CAN","73","190","2012","PHI","1","20","20"
"17","Scott Nichol","STL","C","44","1974-12-31","Edmonton","AB","CAN","CAN","68","179","1993","BUF","11","12","272"
"733","Scott Timmins","FLA","C","29","1989-09-11","Hamilton","ON","CAN","CAN","71","191","2009","FLA","6","14","165"
"218","Scottie Upshall","FLA","R","35","1983-10-07","Fort McMurray","AB","CAN","CAN","72","200","2002","NSH","1","6","6"
"662","Sean Collins","CBJ","C","30","1988-12-29","Saskatoon","SK","CAN","CAN","73","198","2008","CBJ","7","6","187"
"810","Sean Couturier","PHI","C","26","1992-12-07","Phoenix","AZ","USA","CAN","75","211","2011","PHI","1","8","8"
"7","Sergei Gonchar","OTT","D","44","1974-04-13","Chelyabinsk","","RUS","RUS","74","210","1992","WSH","1","14","14"
"443","Sergei Kostitsyn","NSH","L","32","1987-03-20","Novopolotsk","","BLR","BLR","72","196","2005","MTL","7","6","200"
"28","Shane Doan","PHX","R","42","1976-10-10","Halkirk","AB","CAN","CAN","73","223","1995","WIN","1","7","7"
"314","Shane O'Brien","COL","D","35","1983-08-09","Port Hope","ON","CAN","CAN","75","230","2003","ANA","8","21","250"
"93","Shawn Horcoff","EDM","C","40","1978-09-17","Trail","BC","CAN","CAN","73","210","1998","EDM","4","13","99"
"636","Shawn Lalonde","CHI","D","29","1990-03-10","Ottawa","ON","CAN","CAN","73","204","2008","CHI","3","7","68"
"500","Shawn Matthias","FLA","L","31","1988-02-19","Mississauga","ON","CAN","CAN","76","231","2006","DET","2","17","47"
"56","Shawn Thornton","BOS","L","41","1977-07-23","Oshawa","ON","CAN","CAN","74","217","1997","TOR","7","29","190"
"282","Shea Weber","NSH","D","33","1985-08-14","Sicamous","BC","CAN","CAN","76","229","2003","NSH","2","19","49"
"209","Sheldon Brookbank","CHI","D","38","1980-10-03","Lanigan","SK","CAN","CAN","73","202","-","-","-","-","-"
"21","Sheldon Souray","ANA","D","42","1976-07-13","Elk Point","AB","CAN","CAN","76","231","1994","N.J","3","19","71"
"394","Sidney Crosby","PIT","C","31","1987-08-07","Cole Harbour","NS","CAN","CAN","71","200","2005","PIT","1","1","1"
"683","Simon Despres","PIT","D","27","1991-07-27","Laval","QC","CAN","CAN","76","218","2009","PIT","1","30","30"
"82","Simon Gagne","L.A, PHI","L","39","1980-02-29","Ste. Foy","QC","CAN","CAN","73","195","1998","PHI","1","22","22"
"621","Slava Voynov","L.A","D","29","1990-01-15","Chelyabinsk","","RUS","RUS","72","194","2008","L.A","2","2","32"
"716","Stefan Elliott","COL","D","28","1991-01-30","Vancouver","BC","CAN","CAN","73","190","2009","COL","2","19","49"
"831","Stefan Matteau","N.J","C","25","1994-02-23","Chicago","IL","USA","USA","74","220","2012","N.J","1","29","29"
"795","Stephane Da Costa","OTT","C","29","1989-07-11","Paris","","FRA","FRA","71","180","-","-","-","-","-"
"33","Stephane Robidas","DAL","D","42","1977-03-03","Sherbrooke","QC","CAN","CAN","71","190","1995","MTL","7","8","164"
"457","Stephen Gionta","N.J","R","35","1983-10-09","Rochester","NY","USA","USA","67","177","-","-","-","-","-"
"162","Stephen Weiss","FLA","C","36","1983-04-03","Toronto","ON","CAN","CAN","71","190","2001","FLA","1","4","4"
"43","Steve Begin","CGY","L","40","1978-06-14","Trois-Rivieres","QC","CAN","CAN","72","192","1996","CGY","2","14","40"
"267","Steve Bernier","N.J","R","34","1985-03-31","Quebec City","QC","CAN","CAN","75","222","2003","S.J","1","16","16"
"410","Steve Downie","COL","R","32","1987-04-03","Newmarket","ON","CAN","CAN","71","191","2005","PHI","1","29","29"
"235","Steve Eminger","NYR","D","35","1983-10-31","Woodbridge","ON","CAN","CAN","74","207","2002","WSH","1","12","12"
"320","Steve MacIntyre","PIT","L","38","1980-08-08","Brock","SK","CAN","CAN","77","250","-","-","-","-","-"
"792","Steve Oleksy","WSH","D","33","1986-02-04","Chesterfield","MI","USA","USA","72","188","-","-","-","-","-"
"139","Steve Ott","BUF","C","36","1982-08-19","Summerside","PE","CAN","CAN","72","193","2000","DAL","1","25","25"
"25","Steve Sullivan","N.J, PHX","L","44","1974-07-06","Timmins","ON","CAN","CAN","69","165","1994","N.J","9","25","233"
"520","Steven Pinizzotto","VAN","R","34","1984-04-26","Mississauga","ON","CAN","CAN","73","205","-","-","-","-","-"
"602","Steven Stamkos","T.B","C","29","1990-02-07","Markham","ON","CAN","CAN","73","194","2008","T.B","1","1","1"
"664","Stu Bickel","NYR","D","32","1986-10-02","Chanhassen","MN","USA","USA","76","207","-","-","-","-","-"
"814","Sven Baertschi","CGY","L","26","1992-10-05","Bern","","CHE","CHE","71","190","2011","CGY","1","13","13"
"405","T.J. Oshie","STL","R","32","1986-12-23","Everett","WA","USA","USA","71","195","2005","STL","1","24","24"
"316","Tanner Glass","PIT","L","35","1983-11-29","Regina","SK","CAN","CAN","73","213","2003","FLA","9","4","265"
"709","Taylor Beck","NSH","L","27","1991-05-13","St. Catharines","ON","CAN","CAN","74","203","2009","NSH","3","9","70"
"776","Taylor Hall","EDM","L","27","1991-11-14","Calgary","AB","CAN","CAN","73","205","2010","EDM","1","1","1"
"107","Taylor Pyatt","NYR","L","37","1981-08-19","Thunder Bay","ON","CAN","CAN","76","230","1999","NYI","1","8","8"
"527","Teddy Purcell","T.B","L","33","1985-09-08","St. John's","NL","CAN","CAN","74","195","-","-","-","-","-"
"657","Teemu Hartikainen","EDM","C","28","1990-05-03","Kuopio","","FIN","FIN","73","214","2008","EDM","6","12","163"
"2","Teemu Selanne","ANA","R","48","1970-07-03","Helsinki","","FIN","FIN","72","209","1988","WIN","1","10","10"
"481","Theo Peckham","EDM","D","31","1987-11-10","Richmond Hill","ON","CAN","CAN","74","246","2006","EDM","3","12","75"
"554","Thomas Hickey","NYI","D","30","1989-02-08","Calgary","AB","CAN","CAN","72","183","2007","L.A","1","4","4"
"259","Thomas Vanek","BUF","L","35","1984-01-19","Vienna","","AUT","AUT","74","214","2003","BUF","1","5","5"
"247","Tim Brent","CAR","C","35","1984-03-10","Cambridge","","CAN","CAN","72","188","2004","ANA","3","10","75"
"679","Tim Erixon","CBJ","D","28","1991-02-24","Port Chester","NY","USA","SWE","74","200","2009","CGY","1","23","23"
"173","Tim Gleason","CAR","D","36","1983-01-29","Clawson","MI","USA","USA","72","217","2001","OTT","1","23","23"
"176","Tim Jackman","CGY","R","37","1981-11-14","Minot","ND","USA","USA","74","188","2001","CBJ","2","8","38"
"439","Tim Kennedy","S.J","L","32","1986-04-30","Buffalo","NY","USA","USA","70","175","2005","WSH","6","19","181"
"388","Tim Sestito","N.J","L","34","1984-08-28","Rome","NY","USA","USA","71","195","-","-","-","-","-"
"517","Tim Wallace","CAR","R","34","1984-08-06","Anchorage","AK","USA","USA","73","207","-","-","-","-","-"
"566","TJ Brennan","BUF, FLA","D","30","1989-04-03","Willingboro","NJ","USA","USA","73","216","2007","BUF","2","1","31"
"643","TJ Brodie","CGY","D","28","1990-06-07","Chatham","ON","CAN","CAN","73","185","2008","CGY","4","23","114"
"533","TJ Galiardi","S.J","L","30","1988-04-22","Calgary","AB","CAN","CAN","74","185","2007","COL","2","25","55"
"312","Toby Enstrom","WPG","D","34","1984-11-05","Nordingra","","SWE","SWE","70","180","2003","ATL","8","10","239"
"101","Toby Petersen","DAL","C","40","1978-10-27","Minneapolis","MN","USA","USA","70","195","1998","PIT","9","16","244"
"10","Todd Bertuzzi","DET","R","44","1975-02-02","Sudbury","ON","CAN","CAN","75","229","1993","NYI","1","23","23"
"217","Tom Gilbert","MIN","D","36","1983-01-10","Bloomington","MN","USA","USA","74","210","2002","COL","4","33","129"
"72","Tom Kostopoulos","N.J","R","40","1979-01-24","Mississauga","ON","CAN","CAN","72","197","1999","PIT","7","18","204"
"45","Tom Poti","WSH","D","42","1977-03-22","Worcester","MA","USA","USA","75","190","1996","EDM","3","7","59"
"429","Tom Pyatt","T.B","L","32","1987-02-14","Thunder Bay","ON","CAN","CAN","71","185","2005","NYR","4","16","107"
"487","Tom Sestito","PHI, VAN","L","31","1987-09-28","Rome","NY","USA","USA","77","228","2006","CBJ","3","22","85"
"433","Tom Wandell","DAL","C","32","1987-01-29","Sodertalje","","SWE","SWE","73","200","2005","DAL","5","21","146"
"211","Tomas Fleischmann","FLA","L","34","1984-05-16","Koprivnice","","CZE","CZE","73","192","2002","DET","2","33","63"
"52","Tomas Kaberle","MTL","D","41","1978-03-02","Rakovnik","","CZE","CZE","73","212","1996","TOR","8","15","204"
"143","Tomas Kopecky","FLA","R","37","1982-02-05","Ilava","","SVK","SVK","75","210","2000","DET","2","8","38"
"639","Tomas Kundratek","WSH","D","29","1989-12-26","Prerov","","CZE","CZE","74","201","2008","NYR","3","29","90"
"182","Tomas Plekanec","MTL","C","36","1982-10-31","Kladno","","CZE","CZE","71","190","2001","MTL","3","8","71"
"710","Tomas Tatar","DET","L","28","1990-12-01","Ilava","","SVK","SVK","70","182","2009","DET","2","30","60"
"730","Tomas Vincour","COL, DAL","C","28","1990-11-19","Brno","","CZE","CZE","74","204","2009","DAL","5","8","129"
"660","Tommy Wingels","S.J","C","31","1988-04-12","Evanston","IL","USA","USA","72","200","2008","S.J","6","26","177"
"47","Toni Lydman","ANA","D","41","1977-09-25","Lahti","","FIN","FIN","74","213","1996","CGY","4","9","89"
"821","Torey Krug","BOS","D","28","1991-04-12","Livonia","MI","USA","USA","69","186","-","-","-","-","-"
"364","Torrey Mitchell","MIN","C","34","1985-01-30","Greenfield Park","QC","CAN","CAN","71","186","2004","S.J","4","28","126"
"629","Travis Hamonic","NYI","D","28","1990-08-16","St. Malo","MB","CAN","CAN","74","205","2008","NYI","2","23","53"
"151","Travis Moen","MTL","L","37","1982-04-06","Stewart Valley","SK","CAN","CAN","74","215","2000","CGY","5","25","155"
"334","Travis Zajac","N.J","C","33","1985-05-13","Winnipeg","MB","CAN","CAN","74","185","2004","N.J","1","20","20"
"219","Trevor Daley","DAL","D","35","1983-10-09","Toronto","ON","CAN","CAN","71","195","2002","DAL","2","13","43"
"467","Trevor Lewis","L.A","C","32","1987-01-08","Salt Lake City","UT","USA","USA","73","202","2006","L.A","1","17","17"
"524","Trevor Smith","PIT","C","34","1985-02-08","Ottawa","ON","CAN","CAN","73","195","-","-","-","-","-"
"377","Troy Brouwer","WSH","R","33","1985-08-17","Vancouver","BC","CAN","CAN","75","213","2004","CHI","7","21","214"
"165","Tuomo Ruutu","CAR","L","36","1983-02-16","Vantaa","","FIN","FIN","72","200","2001","CHI","1","9","9"
"772","Tye McGinn","PHI","L","28","1990-07-29","Fergus","ON","CAN","CAN","75","218","2010","PHI","4","29","119"
"676","Tyler Bozak","TOR","C","33","1986-03-19","Regina","SK","CAN","CAN","73","199","-","-","-","-","-"
"619","Tyler Ennis","BUF","L","29","1989-10-06","Edmonton","AB","CAN","CAN","69","161","2008","BUF","1","26","26"
"671","Tyler Johnson","T.B","C","28","1990-07-29","Spokane","WA","USA","USA","68","183","-","-","-","-","-"
"357","Tyler Kennedy","PIT","C","32","1986-07-15","Sault Ste. Marie","ON","CAN","CAN","71","185","2004","PIT","4","1","99"
"610","Tyler Myers","BUF","D","29","1990-02-01","Houston","TX","USA","CAN","80","229","2008","BUF","1","12","12"
"779","Tyler Seguin","BOS","C","27","1992-01-31","Brampton","ON","CAN","CAN","73","200","2010","BOS","1","2","2"
"754","Tyler Toffoli","L.A","C","26","1992-04-24","Scarborough","ON","CAN","CAN","72","197","2010","L.A","2","17","47"
"712","Tyson Barrie","COL","D","27","1991-07-26","Victoria","BC","CAN","CAN","70","190","2009","COL","3","3","64"
"298","Tyson Strachan","FLA","D","34","1984-10-30","Melfort","SK","CAN","CAN","75","210","2003","CAR","5","1","137"
"213","Valtteri Filppula","DET","C","35","1984-03-20","Vantaa","","FIN","FIN","72","196","2002","DET","3","32","95"
"202","Vernon Fiddler","DAL","C","38","1980-05-09","Edmonton","AB","CAN","CAN","71","205","-","-","-","-","-"
"511","Victor Bartley","NSH","D","31","1988-02-17","Ottawa","ON","CAN","CAN","72","217","-","-","-","-","-"
"691","Victor Hedman","T.B","D","28","1990-12-18","Ornskoldsvik","","SWE","SWE","78","223","2009","T.B","1","2","2"
"486","Viktor Stalberg","CHI","L","33","1986-01-17","Gothenburg","","SWE","SWE","75","209","2006","TOR","6","8","161"
"599","Ville Leino","BUF","L","35","1983-10-06","Savonlinna","","FIN","FIN","73","182","-","-","-","-","-"
"74","Vincent Lecavalier","T.B","C","38","1980-04-21","Ile Bizard","QC","CAN","CAN","76","215","1998","T.B","1","1","1"
"13","Vinny Prospal","CBJ","L","44","1975-02-17","Ceské Budejovice","","CZE","CZE","74","191","1993","PHI","3","19","71"
"422","Vladimir Sobotka","STL","L","31","1987-07-02","Trebic","","CZE","CZE","70","189","2005","BOS","4","15","106"
"766","Vladimir Tarasenko","STL","R","27","1991-12-13","Yaroslavl","","RUS","RUS","72","225","2010","STL","1","16","16"
"27","Wade Redden","BOS, STL","D","41","1977-06-12","Lloydminster","SK","CAN","CAN","74","205","1995","NYI","1","2","2"
"586","Wayne Simmonds","PHI","R","30","1988-08-26","Scarborough","ON","CAN","CAN","74","185","2007","L.A","2","31","61"
"335","Wojtek Wolski","WSH","L","33","1986-02-24","Zabrze","","POL","CAN","75","215","2004","COL","1","21","21"
"569","Yannick Weber","MTL","D","30","1988-09-23","Morges","","CHE","CHE","71","200","2007","MTL","3","12","73"
"628","Zac Dalpe","CAR","C","29","1989-11-01","Paris","ON","CAN","CAN","74","194","2008","CAR","2","15","45"
"659","Zac Rinaldo","PHI","C","28","1990-06-15","Mississauga","ON","CAN","CAN","70","192","2008","PHI","6","27","178"
"604","Zach Bogosian","WPG","D","28","1990-07-15","Massena","NY","USA","USA","75","226","2008","ATL","1","3","3"
"611","Zach Boychuk","CAR, NSH, PIT","L","29","1989-10-04","Airdrie","AB","CAN","CAN","70","185","2008","CAR","1","14","14"
"268","Zach Parise","MIN","L","34","1984-07-28","Minneapolis","MN","USA","USA","71","193","2003","N.J","1","17","17"
"661","Zach Redmond","WPG","D","30","1988-07-26","Traverse City","MI","USA","USA","74","212","2008","ATL","7","3","184"
"700","Zack Kassian","VAN","R","28","1991-01-24","Windsor","ON","CAN","CAN","75","211","2009","BUF","1","13","13"
"592","Zack Smith","OTT","C","31","1988-04-05","Maple Creek","SK","CAN","CAN","74","208","2008","OTT","3","18","79"
"203","Zbynek Michalek","PHX","D","36","1982-12-23","Jindrichuv Hradec","","CZE","CZE","74","210","-","-","-","-","-"
"44","Zdeno Chara","BOS","D","42","1977-03-18","Trencin","","SVK","SVK","81","250","1996","NYI","3","4","56"
"208","Zenon Konopka","MIN","C","38","1981-01-02","Niagara on the Lake","ON","CAN","CAN","72","213","-","-","-","-","-"